Phoneme,Start Time,End Time
ih,0.14,0.23
f,0.23,0.33
y,0.33,0.39
uw,0.39,0.51
n,0.52,0.59
ow,0.59,0.75
s,0.78,0.92
ah,0.92,0.99
m,0.99,1.09
w,1.09,1.12
ah,1.12,1.21
n,1.21,1.28
hh,1.28,1.37
uw,1.37,1.71
d,1.73,1.88
eh,1.88,1.99
f,1.99,2.12
ao,2.12,2.17
r,2.17,2.22
hh,2.22,2.28
aa,2.28,2.34
r,2.34,2.37
d,2.37,2.4
ah,2.4,2.44
v,2.44,2.52
hh,2.52,2.59
iy,2.59,2.69
r,2.69,2.77
ih,2.77,2.84
ng,2.84,2.98
y,2.99,3.12
uw,3.12,3.17
m,3.17,3.24
ey,3.24,3.3
hh,3.3,3.32
ae,3.32,3.33
v,3.33,3.41
hh,3.41,3.52
er,3.52,3.73
d,3.73,3.81
ah,3.84,3.95
v,3.95,4.06
dh,4.07,4.22
iy,4.22,4.45
w,4.53,4.77
er,4.77,4.86
d,4.86,4.95
l,5.01,5.17
ih,5.17,5.23
p,5.23,5.32
r,5.32,5.39
iy,5.39,5.46
d,5.46,5.52
ih,5.52,5.57
ng,5.57,5.65
ao,5.67,5.83
r,5.83,5.94
ae,7.11,7.25
z,7.25,7.29
ih,7.29,7.33
t,7.33,7.34
s,7.34,7.44
ao,7.5,7.63
l,7.63,7.73
s,7.73,7.84
ow,7.84,7.91
n,7.91,8.02
ow,8.02,8.1
n,8.1,8.19
ae,8.23,8.43
z,8.43,8.46
ae,9.12,9.27
n,9.27,9.47
d,9.47,9.59
ay,10.13,10.28
g,10.28,10.35
eh,10.35,10.43
t,10.43,10.46
dh,10.46,10.49
ah,10.49,10.52
f,10.52,10.6
iy,10.6,10.68
l,10.68,10.71
ih,10.71,10.76
ng,10.76,10.82
dh,10.82,10.85
ae,10.85,10.92
t,10.92,11.0
dh,11.0,11.01
eh,11.01,11.05
r,11.05,11.19
er,11.19,11.2
ah,11.36,11.46
v,11.46,11.61
ah,11.91,11.99
s,11.99,12.05
ah,12.05,12.13
m,12.13,12.16
p,12.16,12.23
sh,12.23,12.3
ah,12.3,12.39
n,12.39,12.49
z,12.49,12.55
ah,12.58,12.7
n,12.7,12.81
d,12.81,12.89
m,12.9,13.22
ih,13.22,13.29
th,13.29,13.37
s,13.37,13.48
aw,13.55,13.69
t,13.69,13.78
dh,13.78,13.81
eh,13.81,13.94
r,13.94,14.08
f,14.34,14.47
ao,14.47,14.66
r,14.66,14.76
dh,14.77,14.9
ow,14.9,15.01
z,15.01,15.08
hh,15.08,15.14
uw,15.14,15.22
aa,15.22,15.27
r,15.27,15.32
hh,15.32,15.41
iy,15.41,15.52
r,15.52,15.59
ih,15.59,15.64
ng,15.64,15.81
ah,16.19,16.35
n,16.35,16.45
d,16.45,16.55
dh,16.55,16.56
ey,16.56,16.85
aa,16.91,17.02
r,17.02,17.09
f,17.09,17.16
ah,17.16,17.24
m,17.24,17.28
ih,17.28,17.35
l,17.35,17.38
y,17.38,17.45
er,17.45,17.47
w,17.47,17.53
ih,17.53,17.61
th,17.61,17.7
l,17.78,17.86
ih,17.86,17.92
p,17.92,18.01
r,18.01,18.08
iy,18.08,18.14
d,18.14,18.19
ih,18.19,18.22
ng,18.22,18.34
b,18.63,18.71
ah,18.71,18.78
t,18.78,18.85
dh,18.86,18.96
ey,18.96,19.04
jh,19.04,19.09
ah,19.09,19.16
s,19.16,19.21
t,19.21,19.26
m,19.29,19.45
ey,19.45,19.53
k,19.53,19.6
ah,19.59,19.65
s,19.65,19.7
ah,19.7,19.77
m,19.77,19.79
p,19.79,19.86
sh,19.86,19.9
ah,19.9,19.96
n,19.96,20.04
ah,20.06,20.16
v,20.16,20.32
hh,20.34,20.42
w,20.42,20.52
ah,20.52,20.57
t,20.57,20.63
ih,20.64,20.68
t,20.68,20.75
k,20.75,20.79
ah,20.79,20.86
n,20.86,20.94
d,20.94,21.03
uw,21.03,21.23
w,21.23,21.33
ah,21.33,21.38
t,21.38,21.39
ih,21.39,21.4
t,21.4,21.41
ah,21.95,22.01
n,22.01,22.04
d,22.04,22.1
hh,22.11,22.21
aw,22.21,22.37
ih,22.37,22.46
t,22.46,22.57
hh,23.03,23.13
eh,23.13,23.19
l,23.19,23.23
p,23.23,23.31
s,23.31,23.32
p,23.36,23.41
iy,23.41,23.48
p,23.48,23.55
ah,23.55,23.59
l,23.59,23.67
hh,23.67,23.75
aw,23.75,23.9
ih,23.94,23.96
t,23.96,23.97
ah,23.97,24.01
f,24.01,24.09
eh,24.09,24.14
k,24.14,24.2
t,24.2,24.21
s,24.21,24.25
p,24.26,24.3
iy,24.3,24.39
p,24.39,24.47
ah,24.47,24.51
l,24.51,24.65
s,24.81,24.95
ow,24.95,25.02
ay,25.02,25.1
w,25.1,25.21
ao,25.21,25.27
n,25.27,25.32
t,25.32,25.38
t,25.38,25.42
uw,25.42,25.54
t,25.6,25.69
ey,25.69,25.76
k,25.76,25.84
dh,25.84,25.87
ih,25.87,25.95
s,25.95,26.02
aa,26.08,26.19
p,26.19,26.28
er,26.28,26.34
t,26.34,26.44
uw,26.44,26.51
n,26.51,26.59
ah,26.59,26.64
t,26.64,26.65
iy,26.65,26.66
t,26.67,26.74
uw,26.74,26.87
jh,27.88,27.89
ih,27.89,27.9
s,27.9,27.91
t,27.91,27.96
l,28.28,28.32
eh,28.32,28.33
t,28.33,28.34
ih,28.51,28.52
t,28.52,28.57
aw,28.58,28.72
t,28.72,28.85
dh,28.85,28.87
eh,28.87,29.03
r,29.03,29.16
t,29.32,29.41
ao,29.41,29.47
k,29.47,29.53
ah,29.54,29.59
b,29.59,29.64
aw,29.64,29.67
t,29.67,29.7
m,29.74,29.82
ay,29.82,29.9
ow,29.9,30.03
n,30.03,30.09
ih,30.09,30.14
k,30.14,30.19
s,30.19,30.31
p,30.31,30.39
ih,30.39,30.49
r,30.49,30.56
iy,30.56,30.58
ah,30.58,30.64
n,30.64,30.74
s,30.74,30.83
ih,30.83,30.96
z,30.96,31.21
t,31.29,31.39
ao,31.39,31.44
k,31.44,31.52
ah,31.52,31.55
b,31.55,31.62
aw,31.62,31.69
t,31.69,31.7
ao,31.71,31.83
l,31.83,31.91
dh,31.91,31.95
iy,31.95,32.03
z,32.03,32.11
m,32.15,32.37
ih,32.37,32.43
th,32.43,32.52
s,32.52,32.58
ah,32.67,32.75
n,32.75,32.81
d,32.81,32.83
ah,32.83,32.89
s,32.89,32.96
ah,32.96,33.03
m,33.03,33.06
p,33.06,33.13
sh,33.13,33.18
ah,33.18,33.25
n,33.25,33.32
z,33.32,33.39
ah,34.09,34.17
n,34.17,34.19
d,34.19,34.22
ay,34.22,34.23
w,34.23,34.29
ao,34.29,34.34
n,34.34,34.38
t,34.38,34.45
t,34.85,34.86
ah,34.86,34.87
g,34.87,34.88
eh,34.88,34.94
t,34.94,35.02
r,35.02,35.13
ih,35.13,35.19
d,35.19,35.22
ah,35.22,35.3
v,35.3,35.39
ih,35.39,35.46
t,35.46,35.61
ah,35.94,36.03
n,36.03,36.06
d,36.06,36.11
t,36.36,36.47
uw,36.47,36.66
hh,36.69,36.77
eh,36.77,36.85
l,36.85,36.89
p,36.89,36.99
y,37.0,37.05
uw,37.05,37.19
ah,37.24,37.31
n,37.31,37.37
d,37.37,37.43
er,37.43,37.46
s,37.46,37.51
t,37.51,37.6
ae,37.6,37.69
n,37.69,37.7
d,37.7,37.75
ah,37.78,37.86
b,37.86,37.91
ih,37.91,37.96
t,37.96,38.02
m,38.02,38.12
ao,38.12,38.24
r,38.24,38.29
ah,38.32,38.38
b,38.38,38.45
aw,38.45,38.49
t,38.49,38.5
hh,38.64,38.65
w,38.65,38.91
ah,38.91,38.96
t,38.96,39.06
ih,39.18,39.31
z,39.31,39.39
l,39.45,39.6
ih,39.6,39.65
p,39.65,39.71
ah,40.31,40.4
n,40.4,40.41
d,40.41,40.52
w,40.52,40.68
ah,40.68,40.73
t,40.73,40.76
ih,40.8,40.94
z,40.94,41.02
l,41.04,41.15
ih,41.15,41.22
p,41.22,41.32
l,41.66,41.82
ay,41.82,41.92
k,41.92,42.02
f,42.03,42.16
ao,42.16,42.31
r,42.31,42.38
dh,42.43,42.56
ow,42.56,42.64
z,42.64,42.71
hh,42.72,42.78
uw,42.78,42.81
aa,42.81,42.9
r,42.9,42.94
d,42.94,43.11
eh,43.11,43.2
f,43.2,43.38
ae,43.45,43.53
n,43.53,43.58
d,43.58,43.62
hh,43.63,43.7
aa,43.7,43.75
r,43.75,43.78
d,43.78,43.81
ah,43.81,43.85
v,43.85,43.93
hh,43.93,43.97
iy,43.97,44.05
r,44.05,44.11
ih,44.11,44.13
ng,44.13,44.26
ay,44.65,44.77
w,44.77,44.84
ao,44.84,44.89
n,44.89,44.9
t,44.9,44.95
t,44.96,45.0
ih,45.0,45.04
t,45.04,45.1
ao,45.1,45.15
k,45.15,45.22
ah,45.22,45.28
b,45.28,45.32
aw,45.32,45.35
t,45.35,45.38
m,45.41,45.49
ay,45.49,45.57
ow,45.57,45.69
n,45.69,45.75
ih,45.75,45.79
k,45.79,45.86
s,45.86,45.99
p,45.99,46.06
ih,46.06,46.18
r,46.18,46.24
iy,46.24,46.3
ah,46.3,46.33
n,46.33,46.34
s,46.34,46.35
ih,46.35,46.36
z,46.36,46.59
ah,46.63,46.71
v,46.71,46.81
l,46.81,46.85
ih,46.85,46.91
p,46.91,47.01
r,47.01,47.05
iy,47.05,47.11
d,47.11,47.13
ih,47.13,47.14
ng,47.14,47.24
b,47.24,47.28
ih,47.28,47.33
k,47.33,47.39
ao,47.39,47.49
z,47.49,47.6
ae,47.68,47.83
z,47.83,47.92
ao,47.92,47.96
l,47.96,48.04
w,48.04,48.16
iy,48.16,48.24
z,48.24,48.26
eh,48.48,48.59
v,48.59,48.68
r,48.68,48.69
iy,48.69,48.74
w,48.74,48.76
ah,48.76,48.82
n,48.82,48.86
z,48.86,48.91
ih,48.91,48.95
k,48.95,49.01
s,49.01,49.1
p,49.1,49.15
ih,49.15,49.32
r,49.32,49.35
iy,49.35,49.36
ah,49.36,49.38
n,49.38,49.41
s,49.41,49.45
ih,49.49,49.7
z,49.7,49.76
ah,49.82,49.88
b,49.88,49.92
ih,49.92,49.97
t,49.97,50.04
d,50.04,50.07
ih,50.07,50.17
f,50.17,50.24
r,50.24,50.25
ah,50.25,50.33
n,50.33,50.39
t,50.39,50.46
b,50.7,50.79
ah,50.79,50.87
t,50.87,50.95
b,50.99,51.08
ih,51.08,51.14
f,51.14,51.23
ao,51.23,51.28
r,51.28,51.32
w,51.32,51.37
iy,51.37,51.41
d,51.41,51.49
uw,51.49,51.58
dh,51.58,51.64
ae,51.64,51.71
t,51.71,51.76
ay,51.8,51.95
t,52.29,52.32
uw,52.32,52.41
k,52.41,52.49
l,52.49,52.56
eh,52.56,52.57
r,52.57,52.64
ah,52.64,52.68
f,52.68,52.78
ay,52.78,53.02
w,53.16,53.36
ah,53.36,53.44
n,53.44,53.52
th,53.52,53.6
ih,53.6,53.69
ng,53.69,53.84
w,54.2,54.39
ih,54.39,54.46
ch,54.46,54.61
ih,54.61,54.74
z,54.74,54.84
n,54.98,55.18
aa,55.18,55.29
t,55.29,55.38
ao,55.42,55.65
l,55.65,55.75
d,55.75,55.89
eh,55.89,56.0
f,56.0,56.21
ao,56.3,56.42
r,56.42,56.47
hh,56.47,56.53
aa,56.53,56.6
r,56.6,56.63
d,56.63,56.64
ah,56.64,56.68
v,56.68,56.78
hh,56.78,56.8
iy,56.8,56.84
r,56.84,56.9
ih,56.9,56.93
ng,56.93,56.99
p,56.99,57.02
iy,57.02,57.09
p,57.09,57.15
ah,57.15,57.19
l,57.19,57.33
k,57.54,57.64
ae,57.64,57.74
n,57.74,57.84
l,57.88,58.01
ih,58.01,58.07
p,58.07,58.13
r,58.13,58.22
iy,58.22,58.31
d,58.31,58.39
eh,58.84,58.97
v,58.97,59.05
r,59.05,59.06
iy,59.06,59.13
w,59.13,59.16
ah,59.16,59.22
n,59.22,59.27
ih,59.27,59.34
z,59.34,59.41
d,59.41,59.46
ih,59.46,59.56
f,59.56,59.64
r,59.64,59.65
ah,59.65,59.75
n,59.75,59.82
t,59.82,59.88
ah,60.07,60.17
n,60.17,60.21
d,60.21,60.22
ih,60.22,60.29
t,60.29,60.33
s,60.33,60.42
k,60.66,60.76
ay,60.76,60.84
n,60.84,60.88
d,60.88,60.93
ah,60.93,60.99
v,60.99,61.09
l,61.09,61.11
ay,61.11,61.18
k,61.18,61.25
ey,61.29,61.42
s,61.42,61.55
k,61.55,61.64
ih,61.64,61.72
l,61.72,61.82
t,61.82,61.91
uw,61.91,61.99
l,61.99,62.11
er,62.11,62.21
n,62.21,62.28
b,62.28,62.34
ah,62.34,62.4
t,62.4,62.41
ih,62.41,62.42
t,62.42,62.46
s,62.46,62.53
ao,62.56,62.67
l,62.67,62.76
s,62.76,62.84
ow,62.84,62.9
d,62.9,62.98
ih,62.98,63.02
p,63.02,63.1
eh,63.1,63.16
n,63.16,63.21
d,63.21,63.27
ah,63.27,63.35
n,63.35,63.41
t,63.41,63.47
m,63.73,63.92
eh,63.92,63.99
n,63.99,64.07
iy,64.07,64.2
ah,64.23,64.34
dh,64.34,64.41
er,64.41,64.55
f,64.59,64.7
ae,64.7,64.77
k,64.77,64.86
t,64.86,64.96
er,64.96,65.03
z,65.03,65.13
s,65.68,65.77
ow,65.77,65.83
t,65.83,65.9
ey,65.9,65.96
k,65.96,66.02
f,66.02,66.09
er,66.09,66.18
ih,66.18,66.21
g,66.21,66.25
z,66.25,66.3
ae,66.3,66.36
m,66.36,66.43
p,66.43,66.48
ah,66.48,66.5
l,66.5,66.53
m,66.6,66.67
ay,66.67,66.74
ow,66.74,66.86
n,66.86,66.91
ih,66.91,66.96
k,66.96,67.01
s,67.01,67.1
p,67.1,67.16
ih,67.16,67.25
r,67.25,67.28
iy,67.28,67.32
ah,67.32,67.33
n,67.33,67.42
s,67.42,67.47
ih,67.47,67.54
z,67.54,67.6
ah,67.64,67.75
n,67.75,67.85
d,67.85,67.9
p,67.93,67.98
iy,67.98,68.02
p,68.02,68.07
ah,68.07,68.11
l,68.11,68.17
hh,68.18,68.24
ae,68.24,68.27
v,68.27,68.34
ae,68.37,68.5
s,68.5,68.54
t,68.54,68.62
m,68.62,68.69
iy,68.69,68.84
hh,68.85,68.98
aw,68.98,69.08
d,69.1,69.16
ih,69.16,69.2
d,69.2,69.27
y,69.27,69.33
uw,69.33,69.43
l,69.43,69.57
er,69.57,69.65
n,69.65,69.76
l,69.77,69.85
ih,69.85,69.9
p,69.9,69.96
r,69.98,70.03
iy,70.03,70.1
d,70.1,70.12
ih,70.12,70.16
ng,70.16,70.25
ah,70.47,70.59
n,70.59,70.6
d,70.6,70.61
hh,70.86,71.0
aw,71.0,71.09
y,71.19,71.23
uw,71.23,71.35
d,71.35,71.45
uw,71.45,71.53
ih,71.53,71.58
t,71.58,71.75
ay,72.47,72.59
d,72.59,72.65
ow,72.65,72.67
n,72.67,72.72
hh,72.73,72.81
ae,72.81,72.87
v,72.87,72.92
ah,72.92,72.95
n,72.95,72.99
ae,72.99,73.03
n,73.03,73.11
s,73.11,73.16
er,73.16,73.23
f,73.23,73.28
er,73.28,73.34
dh,73.34,73.35
ah,73.35,73.36
t,73.36,73.4
ih,73.57,73.69
t,73.69,73.79
jh,73.8,73.9
ah,73.9,73.97
s,73.97,74.03
t,74.03,74.04
k,74.1,74.26
ey,74.26,74.36
m,74.36,74.44
t,74.44,74.48
ih,74.48,74.54
m,74.55,74.63
iy,74.63,74.73
ay,74.76,74.85
d,74.85,74.9
ih,74.9,74.96
n,74.96,75.11
t,75.11,75.16
d,75.17,75.24
ih,75.24,75.32
l,75.32,75.43
ih,75.43,75.48
b,75.48,75.54
er,75.54,75.63
ah,75.63,75.64
t,75.64,75.7
l,75.7,75.77
iy,75.77,75.91
l,76.14,76.29
er,76.29,76.37
n,76.37,76.43
t,76.43,76.51
uw,76.51,76.56
d,76.56,76.62
uw,76.62,76.67
ih,76.67,76.74
t,76.74,76.8
jh,76.91,77.01
ah,77.01,77.07
s,77.07,77.11
t,77.11,77.16
k,77.16,77.24
ey,77.24,77.32
m,77.32,77.47
n,77.47,77.57
ae,77.57,77.69
ch,77.69,77.85
er,77.85,77.92
ah,77.92,77.98
l,77.98,78.05
iy,78.05,78.22
f,78.36,78.53
ao,78.53,78.62
r,78.62,78.7
m,78.7,78.75
iy,78.75,78.8
b,78.8,78.84
ih,78.84,78.89
k,78.89,78.93
ao,78.93,78.98
z,78.98,79.05
ay,79.09,79.26
g,79.26,79.38
r,79.38,79.45
uw,79.45,79.52
ah,79.52,79.58
p,79.58,79.65
ih,79.95,80.09
n,80.09,80.24
ey,80.26,80.41
hh,80.42,80.51
iy,80.51,80.59
r,80.59,80.64
ih,80.64,80.68
ng,80.68,80.75
w,80.75,80.84
er,80.84,80.9
l,80.9,80.92
d,80.92,80.97
ay,81.0,81.19
g,81.19,81.28
r,81.28,81.35
uw,81.35,81.39
ah,81.39,81.44
p,81.44,81.53
ih,81.73,81.82
n,81.82,81.87
ah,81.87,81.94
hh,81.94,81.98
iy,81.98,82.05
r,82.05,82.13
ih,82.13,82.15
ng,82.15,82.23
f,82.23,82.33
ae,82.33,82.44
m,82.44,82.51
l,82.51,82.58
iy,82.58,82.7
ay,82.92,83.13
w,83.13,83.18
eh,83.18,83.22
n,83.22,83.27
t,83.27,83.32
t,83.32,83.38
uw,83.38,83.53
m,83.55,83.71
ey,83.71,83.8
n,83.8,83.9
s,83.9,83.98
t,83.98,84.04
r,84.04,84.14
iy,84.14,84.22
m,84.22,84.31
s,84.32,84.41
k,84.41,84.48
uw,84.48,84.57
l,84.57,84.73
m,84.74,84.85
ey,84.85,84.94
n,84.94,84.97
s,84.97,85.05
t,85.05,85.1
r,85.1,85.13
iy,85.13,85.21
m,85.21,85.26
y,85.26,85.29
uw,85.29,85.35
n,85.35,85.37
ah,85.37,85.43
v,85.43,85.49
er,85.49,85.59
s,85.59,85.65
ah,85.65,85.71
t,85.71,85.78
iy,85.78,86.0
ah,86.32,86.44
n,86.44,86.53
d,86.53,86.56
b,86.57,86.66
iy,86.66,86.69
ih,86.69,86.73
ng,86.73,86.81
s,86.81,86.88
er,86.88,86.98
aw,86.98,87.03
n,87.03,87.07
d,87.07,87.1
ih,87.1,87.13
d,87.13,87.17
b,87.17,87.23
ay,87.23,87.41
hh,87.49,87.62
iy,87.62,87.68
r,87.68,87.76
ih,87.76,87.78
ng,87.78,87.85
p,87.85,87.89
iy,87.89,87.96
p,87.96,88.03
ah,88.03,88.08
l,88.08,88.2
ae,88.25,88.33
t,88.33,88.43
m,88.43,88.46
ay,88.46,88.61
jh,88.62,88.77
aa,88.77,88.9
b,88.9,88.98
z,88.98,89.12
dh,89.6,89.74
ae,89.74,89.85
t,89.85,89.9
s,89.9,89.91
jh,89.94,89.99
ah,89.99,90.05
s,90.05,90.1
t,90.1,90.16
dh,90.16,90.2
ah,90.2,90.24
w,90.24,90.32
ey,90.32,90.43
ay,90.43,90.53
v,90.53,90.62
b,90.62,90.67
ih,90.67,90.76
n,90.76,90.84
l,90.84,90.89
ih,90.89,90.95
v,90.95,91.0
ih,91.0,91.03
ng,91.03,91.07
m,91.07,91.15
ay,91.15,91.24
l,91.24,91.32
ay,91.32,91.44
f,91.44,91.49
ah,91.54,91.66
n,91.66,91.74
d,91.74,91.79
b,91.79,91.84
ih,91.84,91.89
k,91.89,91.97
ao,91.97,92.03
z,92.03,92.11
ah,92.12,92.18
v,92.18,92.23
ay,92.69,92.9
n,92.9,93.07
ae,93.07,93.2
ch,93.2,93.36
r,93.36,93.41
ah,93.41,93.42
l,93.42,93.55
iy,93.55,93.74
t,94.2,94.21
ah,94.21,94.22
ah,94.24,94.34
jh,94.34,94.54
ah,94.54,94.63
s,94.63,94.71
t,94.71,94.77
dh,95.06,95.15
ah,95.15,95.21
w,95.21,95.35
ey,95.35,95.52
ay,95.55,95.7
k,95.7,95.77
ah,95.77,95.84
m,95.84,95.87
y,95.87,95.88
uw,95.88,95.91
n,95.91,95.94
ah,95.94,95.99
k,95.99,96.07
ey,96.07,96.12
t,96.12,96.18
w,96.18,96.19
ih,96.19,96.2
th,96.2,96.24
p,96.25,96.3
iy,96.3,96.37
p,96.37,96.42
ah,96.42,96.47
l,96.47,96.57
ah,96.59,96.68
n,96.68,96.73
d,96.73,96.81
t,96.81,96.88
uw,96.88,96.97
hh,96.97,97.1
iy,97.1,97.2
r,97.2,97.25
p,97.31,97.33
iy,97.33,97.41
p,97.41,97.48
ah,97.48,97.52
l,97.52,97.66
b,97.98,98.08
ay,98.08,98.41
f,98.45,98.53
ow,98.53,98.61
k,98.61,98.68
ah,98.68,98.72
s,98.72,98.76
ih,98.76,98.81
ng,98.81,98.92
ao,98.94,99.06
n,99.06,99.25
dh,99.26,99.36
eh,99.36,99.45
r,99.45,99.56
b,99.61,99.68
aa,99.68,99.74
d,99.74,99.81
iy,99.81,99.82
l,99.96,99.97
ae,99.97,99.98
ng,99.98,100.02
g,100.02,100.05
w,100.05,100.08
ah,100.08,100.15
jh,100.15,100.17
dh,100.21,100.26
eh,100.26,100.33
r,100.33,100.41
l,100.41,100.52
ih,100.52,100.58
p,100.58,100.67
s,100.67,100.95
dh,101.04,101.18
eh,101.18,101.31
r,101.31,101.45
jh,101.69,101.81
eh,101.81,101.89
s,101.89,101.98
ch,101.98,102.09
er,102.09,102.1
dh,102.1,102.11
eh,102.11,102.12
r,102.12,102.21
f,102.41,102.53
ey,102.53,102.6
sh,102.6,102.67
ah,102.67,102.72
l,102.72,102.74
ih,102.74,102.8
k,102.8,102.83
s,102.83,102.88
p,102.88,102.92
r,102.92,102.99
eh,102.99,103.04
sh,103.04,103.11
ah,103.11,103.17
n,103.17,103.22
z,103.22,103.3
ao,103.38,103.53
l,103.53,103.64
dh,103.64,103.7
iy,103.7,103.79
z,103.79,103.85
th,103.86,103.93
ih,103.93,103.99
ng,103.99,104.11
z,104.11,104.19
dh,104.44,104.54
ey,104.54,104.61
jh,104.61,104.66
ah,104.66,104.69
s,104.69,104.73
t,104.73,104.77
k,104.77,104.88
ey,104.88,104.96
m,104.96,105.18
n,105.18,105.26
ae,105.26,105.39
ch,105.39,105.56
er,105.56,105.57
ah,105.57,105.58
l,105.58,105.75
iy,105.75,105.82
t,105.82,105.92
uw,105.92,105.99
m,105.99,106.06
iy,106.06,106.19
ah,106.69,106.77
n,106.77,106.82
d,106.82,106.84
aa,106.84,106.87
n,106.87,106.93
t,106.96,107.0
aa,107.0,107.05
p,107.05,107.11
ah,107.11,107.15
v,107.15,107.23
ay,107.43,107.58
d,107.58,107.66
ih,107.66,107.74
d,107.74,107.81
hh,107.82,107.94
ae,107.94,108.07
v,108.07,108.19
ah,108.55,108.62
s,108.62,108.71
p,108.71,108.81
iy,108.81,108.85
ch,108.85,108.92
th,108.92,109.01
eh,109.01,109.03
r,109.03,109.13
ah,109.13,109.17
p,109.17,109.25
ih,109.25,109.33
s,109.33,109.35
t,109.35,109.38
ay,109.41,109.52
hh,109.52,109.57
ae,109.57,109.65
d,109.65,109.66
t,109.69,109.76
ih,109.76,109.8
g,109.8,109.87
ow,109.87,109.99
th,109.99,110.11
r,110.11,110.18
uw,110.18,110.24
dh,110.24,110.29
ae,110.29,110.38
t,110.38,110.51
p,110.83,110.91
r,110.91,110.95
ao,110.95,111.02
s,111.02,111.13
eh,111.13,111.24
s,111.24,111.3
w,111.35,111.49
ah,111.49,111.55
n,111.55,111.61
s,111.61,111.65
ah,111.65,111.75
w,111.75,111.81
iy,111.81,111.91
k,111.91,111.99
ah,112.19,112.3
n,112.3,112.33
d,112.33,112.38
ao,112.39,112.49
l,112.49,112.6
s,112.6,112.7
ow,112.7,112.9
aa,112.94,113.05
b,113.05,113.07
v,113.07,113.12
iy,113.12,113.13
ah,113.13,113.16
s,113.16,113.21
l,113.21,113.24
iy,113.24,113.31
g,113.31,113.39
ow,113.39,113.5
th,113.5,113.63
r,113.63,113.72
uw,113.72,113.8
eh,114.56,114.66
z,114.66,114.72
w,114.72,114.79
eh,114.79,114.91
l,114.91,114.99
ae,114.99,115.04
n,115.04,115.08
d,115.08,115.12
ay,115.12,115.2
r,115.23,115.24
ih,115.24,115.3
m,115.3,115.31
eh,115.31,115.38
m,115.38,115.45
b,115.45,115.49
er,115.49,115.55
d,115.55,115.62
w,115.66,115.78
ah,115.78,115.87
n,115.87,115.92
t,115.92,116.02
ay,116.02,116.21
m,116.21,116.32
er,116.48,116.59
m,116.59,116.65
eh,116.65,116.7
n,116.7,116.75
iy,116.75,116.79
t,116.79,116.87
ay,116.87,116.94
m,116.94,116.95
z,116.95,116.96
ae,117.11,117.12
k,117.12,117.13
ch,117.13,117.19
uw,117.19,117.21
ah,117.21,117.22
l,117.22,117.29
iy,117.29,117.42
ay,118.02,118.35
d,118.36,118.51
uw,118.51,118.61
dh,118.61,118.68
iy,118.68,118.77
z,118.77,118.84
t,118.87,118.99
eh,118.99,119.1
s,119.1,119.14
t,119.14,119.15
s,119.15,119.24
w,119.24,119.29
eh,119.29,119.39
r,119.39,119.43
n,119.43,119.51
aa,119.51,119.56
t,119.56,119.6
ow,119.6,119.68
n,119.68,119.72
l,119.72,119.79
iy,119.79,119.87
dh,119.87,119.94
ey,119.94,120.02
d,120.02,120.08
uw,120.08,120.17
dh,120.17,120.22
eh,120.22,120.31
r,120.31,120.41
s,120.66,120.82
aw,120.82,120.93
n,120.93,121.02
d,121.02,121.08
t,121.08,121.15
eh,121.15,121.27
s,121.27,121.29
t,121.29,121.3
s,121.3,121.35
w,121.35,121.39
eh,121.39,121.43
r,121.43,121.47
y,121.47,121.5
uw,121.5,121.55
p,121.55,121.6
uh,121.6,121.65
t,121.65,121.69
dh,121.69,121.73
ah,121.73,121.79
hh,121.79,121.87
eh,121.87,121.94
d,121.94,122.02
f,122.02,122.1
ow,122.1,122.17
n,122.17,122.23
z,122.23,122.33
ao,122.33,122.46
n,122.46,122.55
ah,122.58,122.65
n,122.65,122.73
d,122.73,122.83
hh,123.32,123.44
iy,123.44,123.54
r,123.54,123.61
dh,123.61,123.67
ah,123.67,123.72
b,123.72,123.81
iy,123.81,123.91
p,123.91,124.0
ae,124.0,124.05
n,124.05,124.08
d,124.08,124.12
y,124.12,124.13
uw,124.13,124.2
k,124.2,124.27
l,124.27,124.31
ih,124.31,124.36
k,124.36,124.44
y,124.44,124.47
uh,124.47,124.48
r,124.48,124.51
b,124.51,124.57
ah,124.57,124.65
t,124.65,124.68
ah,124.68,124.73
n,124.73,124.84
b,125.13,125.21
ah,125.21,125.28
t,125.28,125.34
dh,125.35,125.46
ey,125.46,125.55
ao,125.55,125.66
l,125.66,125.79
s,125.79,125.88
ow,125.88,125.97
l,125.97,126.03
ay,126.03,126.11
k,126.11,126.15
t,126.15,126.16
t,126.17,126.22
ih,126.22,126.27
d,126.27,126.32
uw,126.32,126.38
ah,126.38,126.41
n,126.41,126.47
ah,126.47,126.53
dh,126.53,126.6
er,126.6,126.67
th,126.67,126.73
ih,126.73,126.82
ng,126.82,126.95
w,126.98,127.1
eh,127.1,127.23
r,127.23,127.34
dh,127.38,127.49
ey,127.49,127.83
k,128.07,128.19
ah,128.19,128.27
v,128.27,128.35
er,128.35,128.44
dh,128.44,128.51
eh,128.51,128.58
r,128.58,128.61
m,128.61,128.62
aw,128.62,128.63
th,128.63,128.64
ae,128.64,128.65
n,128.65,128.68
d,128.68,128.69
dh,129.27,129.28
ey,129.28,129.47
r,129.51,129.7
iy,129.7,129.78
d,129.78,129.89
ey,129.96,130.2
w,130.21,130.39
er,130.39,130.5
d,130.5,130.56
ao,130.61,130.71
r,130.71,130.77
ah,130.77,130.87
s,130.87,130.97
eh,130.97,131.05
n,131.05,131.13
t,131.13,131.19
ah,131.19,131.27
n,131.27,131.36
s,131.36,131.39
ah,131.7,131.82
n,131.82,131.9
d,131.9,131.99
dh,131.99,132.0
ey,132.0,132.09
ae,132.14,132.3
s,132.3,132.39
k,132.39,132.49
m,132.49,132.55
iy,132.55,132.64
t,132.64,132.77
uw,132.77,133.05
jh,133.25,133.32
ah,133.32,133.38
s,133.38,133.45
t,133.45,133.48
t,133.6,133.67
eh,133.67,133.74
l,133.74,133.81
dh,133.81,133.85
ah,133.85,133.91
m,133.91,134.0
w,134.03,134.13
ah,134.13,134.2
t,134.2,134.25
d,134.25,134.3
ih,134.3,134.34
d,134.34,134.41
ay,134.41,134.48
hh,134.48,134.58
iy,134.58,134.71
r,134.71,134.87
ao,135.08,135.24
r,135.24,135.32
n,135.4,135.51
aa,135.51,135.6
t,135.6,135.63
hh,135.64,135.72
iy,135.72,135.83
r,135.83,135.91
ih,135.92,135.96
f,135.96,136.03
ay,136.03,136.09
k,136.09,136.16
ae,136.16,136.27
n,136.27,136.3
t,136.3,136.35
hh,136.36,136.4
iy,136.4,136.44
r,136.44,136.5
ae,136.51,136.56
t,136.56,136.65
ao,136.65,136.73
l,136.73,136.89
ay,137.6,137.61
hh,137.61,137.73
ey,137.73,137.79
t,137.79,137.83
ih,137.83,137.9
d,137.9,137.93
dh,137.93,137.94
ae,137.94,137.99
t,137.99,138.05
t,138.05,138.12
eh,138.12,138.21
s,138.21,138.24
t,138.24,138.25
b,138.29,138.35
ih,138.35,138.39
k,138.39,138.48
ao,138.48,138.56
z,138.56,138.8
ay,139.1,139.26
g,139.26,139.32
ih,139.32,139.36
t,139.36,139.41
ih,139.41,139.45
t,139.45,139.52
r,139.52,139.62
ao,139.62,139.74
ng,139.74,139.88
ah,139.94,140.06
l,140.06,140.16
ao,140.16,140.23
t,140.23,140.34
ae,140.43,140.58
n,140.58,140.8
d,140.8,140.86
ah,141.25,141.37
b,141.37,141.47
ih,141.47,141.57
t,141.57,141.67
ih,141.89,141.96
m,141.96,142.05
b,142.05,142.09
eh,142.09,142.14
r,142.14,142.17
ah,142.17,142.21
s,142.21,142.28
ih,142.28,142.32
ng,142.32,142.37
ae,142.37,142.43
t,142.43,142.49
t,142.49,142.57
ay,142.57,142.74
m,142.74,142.82
z,142.82,142.88
b,142.91,143.0
ah,143.0,143.1
t,143.1,143.19
ih,143.77,143.86
t,143.86,143.9
ih,143.9,143.99
z,143.99,144.04
w,144.04,144.1
ah,144.1,144.13
t,144.13,144.17
ih,144.17,144.44
t,144.44,144.52
ae,144.56,144.67
n,144.67,144.71
d,144.71,144.78
ay,144.78,144.92
r,144.96,144.97
ih,144.97,145.03
m,145.03,145.04
eh,145.04,145.08
m,145.08,145.12
b,145.12,145.15
er,145.15,145.21
d,145.21,145.29
uw,145.29,145.34
ih,145.34,145.39
ng,145.39,145.41
dh,145.42,145.48
ae,145.48,145.54
t,145.54,145.63
jh,145.68,145.75
ah,145.75,145.8
s,145.8,145.85
t,145.85,145.89
d,145.89,145.94
ih,145.94,146.0
n,146.0,146.1
t,146.1,146.14
l,146.15,146.23
ay,146.23,146.31
k,146.31,146.39
ih,146.39,146.45
t,146.45,146.53
b,147.03,147.12
ah,147.12,147.17
t,147.17,147.27
l,147.27,147.33
ay,147.33,147.38
k,147.38,147.46
ay,147.46,147.54
s,147.54,147.62
eh,147.62,147.72
d,147.72,147.81
n,147.82,147.93
aa,147.93,148.05
t,148.05,148.13
eh,148.2,148.31
v,148.31,148.39
r,148.39,148.4
iy,148.4,148.46
w,148.46,148.48
ah,148.48,148.53
n,148.53,148.61
k,148.61,148.66
ah,148.66,148.73
n,148.73,148.8
l,148.8,148.87
ih,148.87,148.94
p,148.94,149.04
r,149.04,149.11
iy,149.11,149.18
d,149.18,149.26
ih,149.28,149.38
t,149.38,149.48
k,149.63,149.75
ae,149.75,149.9
n,149.9,150.01
b,150.01,150.09
iy,150.09,150.22
ey,150.27,150.41
s,150.41,150.58
k,150.58,150.69
ih,150.69,150.8
l,150.8,150.94
t,150.99,151.07
uw,151.07,151.16
l,151.16,151.35
er,151.35,151.46
n,151.46,151.58
b,151.82,151.9
ah,151.9,151.95
t,151.95,152.03
ih,152.04,152.05
t,152.05,152.13
k,152.13,152.23
ae,152.23,152.37
n,152.37,152.49
ao,152.56,152.67
l,152.67,152.77
s,152.77,152.86
ow,152.86,152.94
k,152.94,153.0
ah,153.0,153.09
m,153.09,153.21
n,153.21,153.27
ae,153.27,153.38
ch,153.38,153.54
r,153.54,153.63
ah,153.63,153.7
l,153.7,153.76
iy,153.76,153.99
d,154.08,154.14
ih,154.14,154.19
p,154.19,154.28
eh,154.28,154.32
n,154.32,154.38
d,154.38,154.44
ih,154.44,154.49
ng,154.49,154.58
ao,154.62,154.77
n,154.77,154.9
y,154.95,155.04
ao,155.04,155.17
r,155.17,155.25
s,155.25,155.4
er,155.4,155.49
aw,155.49,155.56
n,155.56,155.63
d,155.63,155.7
ih,155.7,155.71
ng,155.71,155.77
ih,155.78,155.84
n,155.84,155.9
v,155.9,156.01
ay,156.01,156.11
r,156.11,156.12
ah,156.12,156.16
n,156.16,156.2
m,156.2,156.22
ah,156.22,156.26
n,156.26,156.31
t,156.31,156.36
ah,156.52,156.59
n,156.59,156.62
d,156.62,156.7
hh,156.7,156.77
aw,156.77,156.85
y,156.85,156.98
uw,156.98,157.08
g,157.11,157.17
r,157.17,157.21
uw,157.21,157.29
ah,157.29,157.38
p,157.38,157.54
ah,157.86,157.92
n,157.92,157.98
d,157.98,158.02
ih,158.02,158.06
t,158.06,158.12
d,158.15,158.26
ah,158.26,158.32
z,158.32,158.37
ah,158.37,158.42
n,158.42,158.46
t,158.46,158.51
m,158.51,158.62
ae,158.62,158.77
t,158.77,158.89
er,158.89,159.18
hh,159.36,159.51
aw,159.51,159.77
g,159.89,159.99
uh,159.99,160.05
d,160.05,160.12
y,160.12,160.15
uw,160.15,160.25
aa,160.25,160.37
r,160.37,160.45
ae,160.49,160.62
t,160.62,160.7
ah,160.93,161.05
n,161.05,161.2
d,161.2,161.3
hh,161.31,161.44
aw,161.44,161.53
l,161.53,161.56
ao,161.56,161.62
ng,161.62,161.69
y,161.69,161.73
uw,161.73,161.79
v,161.79,161.82
b,161.82,161.85
ih,161.85,161.91
n,161.91,162.01
d,162.01,162.1
uw,162.1,162.16
ih,162.16,162.21
ng,162.21,162.25
ih,162.25,162.34
t,162.34,162.4
ih,162.69,162.78
t,162.78,162.85
ih,162.88,162.98
z,162.98,163.09
p,163.74,163.82
r,163.82,163.9
aa,163.9,163.95
b,163.95,164.0
ah,164.0,164.05
b,164.05,164.1
l,164.1,164.15
iy,164.15,164.27
ao,164.31,164.44
l,164.44,164.5
m,164.5,164.55
ow,164.55,164.64
s,164.64,164.71
t,164.71,164.73
ih,164.78,164.88
m,164.88,164.98
p,164.98,165.04
aa,165.04,165.16
s,165.16,165.23
ah,165.23,165.31
b,165.31,165.32
ah,165.32,165.39
l,165.39,165.4
ih,165.41,165.49
f,165.49,165.56
n,165.56,165.6
aa,165.6,165.64
t,165.64,165.69
ih,165.7,165.77
m,165.77,165.85
p,165.85,165.95
aa,165.95,166.08
s,166.08,166.15
ah,166.15,166.23
b,166.23,166.26
ah,166.26,166.31
l,166.31,166.41
t,166.68,166.75
uw,166.75,166.82
g,166.82,166.89
eh,166.89,166.97
t,166.97,166.99
ih,166.99,167.04
t,167.04,167.13
r,168.07,168.19
ay,168.19,168.27
t,168.27,168.39
b,168.93,169.0
ih,169.0,169.05
k,169.05,169.15
ao,169.15,169.25
z,169.25,169.32
ih,169.39,169.48
t,169.48,169.52
s,169.52,169.56
jh,169.56,169.65
ah,169.65,169.72
s,169.72,169.76
t,169.76,169.82
n,169.82,169.84
aa,169.84,169.91
t,169.91,169.98
p,169.98,170.05
aa,170.05,170.13
s,170.13,170.17
ah,170.17,170.23
b,170.23,170.24
ah,170.24,170.28
l,170.28,170.31
t,170.31,170.37
ih,170.37,170.41
b,170.42,170.49
iy,170.49,170.58
ey,170.58,170.63
b,170.63,170.69
ah,170.69,170.71
l,170.71,170.76
t,170.76,170.81
ih,170.81,170.86
p,170.86,170.95
ih,170.95,171.02
k,171.02,171.09
ah,171.09,171.13
p,171.13,171.29
eh,171.37,171.53
v,171.53,171.64
r,171.64,171.72
iy,171.72,171.81
s,171.81,171.88
ih,171.88,171.95
ng,171.95,172.02
g,172.02,172.06
ah,172.06,172.14
l,172.14,172.17
w,172.17,172.32
er,172.32,172.39
d,172.39,172.51
jh,172.72,172.87
ah,172.87,172.95
s,172.95,173.02
t,173.02,173.07
b,173.08,173.19
ay,173.19,173.41
hh,173.42,173.52
ae,173.52,173.58
v,173.58,173.62
ih,173.62,173.7
ng,173.7,173.82
dh,174.0,174.09
iy,174.09,174.21
s,174.23,174.33
aw,174.33,174.42
n,174.42,174.48
d,174.48,174.54
ah,175.13,175.29
n,175.29,175.33
d,175.33,175.39
l,175.4,175.54
ih,175.54,175.6
p,175.6,175.68
r,175.68,175.76
iy,175.76,175.82
d,175.82,175.85
ih,175.85,175.9
ng,175.9,176.01
ow,176.15,176.28
n,176.28,176.38
l,176.38,176.45
iy,176.45,176.58
dh,177.01,177.17
ae,177.17,177.22
t,177.22,177.29
ih,177.57,177.58
z,177.58,177.59
ah,177.59,177.63
n,177.63,177.69
ah,177.75,177.86
s,177.86,177.87
hh,178.54,178.64
ae,178.64,178.72
v,178.72,178.77
b,178.77,178.82
ih,178.82,178.87
n,178.87,178.93
s,178.93,179.02
t,179.02,179.11
ah,179.11,179.19
d,179.19,179.27
iy,179.27,179.36
z,179.36,179.44
aw,179.5,179.66
t,179.66,179.73
dh,179.74,179.83
eh,179.83,179.94
r,179.94,180.09
w,180.33,180.47
eh,180.47,180.57
r,180.57,180.64
er,180.72,180.85
aw,180.85,180.92
n,180.92,181.03
ah,183.7,183.94
v,183.94,183.95
dh,184.12,184.27
iy,184.27,184.39
w,184.39,184.53
er,184.53,184.68
d,184.68,184.74
z,184.74,184.75
dh,185.0,185.12
ae,185.12,185.17
t,185.17,185.23
y,185.23,185.26
uw,185.26,185.35
k,185.35,185.43
ah,185.43,185.51
n,185.51,185.74
l,186.16,186.28
ih,186.28,186.34
p,186.34,186.39
r,186.43,186.49
iy,186.49,186.58
d,186.58,186.7
aa,186.84,186.96
r,186.96,187.01
p,187.06,187.12
ih,187.12,187.18
k,187.18,187.23
t,187.23,187.3
ah,187.3,187.39
p,187.39,187.5
ih,187.75,187.84
n,187.84,187.89
dh,187.89,187.94
iy,187.94,187.97
ih,187.98,188.05
ng,188.05,188.13
g,188.13,188.18
l,188.18,188.2
ih,188.2,188.25
sh,188.25,188.38
l,188.38,188.46
ae,188.46,188.52
ng,188.52,188.56
g,188.56,188.59
w,188.59,188.64
ih,188.64,188.69
jh,188.69,188.75
eh,188.78,188.87
n,188.87,188.92
iy,188.92,188.94
w,188.94,189.01
ey,189.01,189.11
ih,189.12,189.13
t,189.13,189.14
m,189.25,189.37
ay,189.37,189.43
t,189.43,189.49
b,189.49,189.53
iy,189.53,189.59
d,189.59,189.63
ih,189.63,189.68
f,189.68,189.74
r,189.74,189.75
ah,189.75,189.77
n,189.77,189.81
t,189.81,189.87
f,189.87,189.89
er,189.89,189.98
ah,190.0,190.07
dh,190.07,190.13
er,190.13,190.2
l,190.2,190.26
ae,190.26,190.33
ng,190.33,190.35
g,190.35,190.39
w,190.39,190.42
ih,190.42,190.48
jh,190.48,190.55
ih,190.55,190.58
z,190.58,190.65
b,190.67,190.77
ah,190.77,190.83
t,190.83,190.93
ih,191.47,191.55
f,191.55,191.61
y,191.61,191.65
uw,191.65,191.73
k,191.73,191.76
ah,191.76,191.82
n,191.82,191.85
ow,191.87,191.95
n,191.95,191.99
l,191.99,192.04
iy,192.04,192.09
p,192.09,192.16
ih,192.16,192.23
k,192.23,192.3
ah,192.3,192.34
p,192.34,192.44
ah,193.3,193.37
v,193.37,193.45
w,193.45,193.5
ah,193.5,193.55
t,193.55,193.6
dh,193.6,193.63
ae,193.63,193.67
t,193.67,193.74
p,193.74,193.82
er,193.82,193.89
s,193.89,193.98
ah,193.98,194.0
n,194.0,194.09
ih,194.09,194.14
z,194.14,194.26
s,194.27,194.39
ey,194.39,194.53
ih,194.53,194.59
ng,194.59,194.71
b,195.32,195.43
ay,195.43,195.55
l,195.56,195.63
ih,195.63,195.68
p,195.68,195.76
r,195.76,195.82
iy,195.82,195.87
d,195.87,195.91
ih,195.91,195.93
ng,195.93,195.94
ih,196.32,196.44
t,196.44,196.47
s,196.47,196.48
jh,196.49,196.6
ah,196.6,196.66
s,196.66,196.71
t,196.71,196.79
n,197.0,197.13
aa,197.13,197.37
t,197.37,197.38
ao,197.55,197.62
l,197.62,197.76
ih,197.79,197.88
t,197.88,197.96
s,197.96,198.2
n,198.34,198.5
ah,198.5,198.6
th,198.6,198.68
ih,198.68,198.73
ng,198.73,198.87
s,199.25,199.37
ow,199.37,199.44
dh,199.44,199.48
ae,199.48,199.53
t,199.53,199.57
s,199.57,199.62
w,199.62,199.7
ay,199.7,199.8
l,199.81,199.88
ih,199.88,199.95
p,199.95,200.02
r,200.02,200.09
iy,200.09,200.14
d,200.14,200.18
ih,200.18,200.19
ng,200.19,200.25
ih,200.25,200.33
z,200.33,200.41
ah,200.98,201.07
v,201.07,201.14
m,201.15,201.27
eh,201.27,201.35
n,201.35,201.4
iy,201.4,201.49
ah,201.52,201.59
dh,201.59,201.66
er,201.66,201.72
k,201.72,201.82
l,201.82,201.9
uw,201.9,202.01
z,202.01,202.06
ih,202.06,202.12
t,202.12,202.16
s,202.16,202.26
p,202.33,202.4
aa,202.4,202.45
r,202.45,202.49
t,202.49,202.53
ah,202.53,202.59
v,202.59,202.62
dh,202.64,202.7
ah,202.7,202.74
hh,202.74,202.8
ow,202.8,202.89
l,202.89,203.0
th,203.0,203.12
ih,203.12,203.23
ng,203.23,203.33
w,203.49,203.62
eh,203.62,203.67
n,203.67,203.76
ay,203.78,204.01
t,204.01,204.1
r,204.1,204.18
ay,204.18,204.28
t,204.28,204.35
uw,204.35,204.43
k,204.43,204.48
ah,204.48,204.55
m,204.55,204.58
y,204.58,204.59
uw,204.59,204.63
n,204.63,204.65
ah,204.65,204.7
k,204.7,204.78
ey,204.78,204.83
t,204.83,204.9
w,204.9,204.92
ih,204.92,204.97
dh,204.97,205.0
ah,205.0,205.01
n,205.01,205.02
ah,205.02,205.06
dh,205.06,205.15
er,205.15,205.2
p,205.2,205.29
er,205.29,205.4
s,205.4,205.5
ah,205.5,205.56
n,205.56,205.69
ih,205.95,206.04
t,206.04,206.08
s,206.08,206.13
p,206.13,206.19
aa,206.19,206.27
r,206.27,206.3
t,206.3,206.38
ah,206.4,206.51
v,206.51,206.61
dh,206.61,206.65
iy,206.65,206.71
hh,206.71,206.76
ow,206.76,206.8
l,206.8,206.93
ah,206.95,207.01
g,207.01,207.08
eh,207.08,207.13
n,207.13,207.23
f,207.34,207.49
ey,207.49,207.53
sh,207.53,207.61
ah,207.61,207.67
l,207.67,207.68
ih,207.68,207.73
k,207.73,207.8
s,207.8,207.81
p,207.81,207.85
r,207.85,207.9
eh,207.9,207.96
sh,207.96,208.06
ah,208.06,208.13
n,208.13,208.17
ae,208.17,208.22
n,208.22,208.28
d,208.28,208.34
jh,208.35,208.44
eh,208.44,208.52
s,208.52,208.6
ch,208.6,208.7
er,208.7,208.78
z,208.78,208.83
ah,208.83,208.87
n,208.87,208.9
d,208.9,208.97
b,208.97,209.03
aa,209.03,209.09
d,209.09,209.15
iy,209.15,209.21
l,209.21,209.28
ae,209.28,209.34
ng,209.34,209.38
g,209.38,209.44
w,209.44,209.46
ih,209.46,209.54
jh,209.54,209.6
dh,209.77,209.83
eh,209.83,209.87
r,209.87,209.92
t,209.92,210.07
ow,210.07,210.19
n,210.19,210.27
ah,210.27,210.32
v,210.32,210.38
v,210.39,210.5
oy,210.5,210.62
s,210.62,210.7
ah,210.72,210.73
n,210.73,210.74
d,210.74,210.82
hh,210.82,210.9
aw,210.9,211.04
dh,211.07,211.11
eh,211.11,211.15
r,211.15,211.2
s,211.2,211.27
p,211.27,211.36
iy,211.36,211.44
k,211.44,211.49
ih,211.49,211.56
ng,211.56,211.66
dh,211.86,211.94
ey,211.94,212.01
ao,212.02,212.21
l,212.21,212.33
g,212.36,212.42
ih,212.42,212.46
v,212.46,212.53
m,212.54,212.63
iy,212.63,212.79
k,212.83,212.94
l,212.94,213.06
uw,213.06,213.22
z,213.22,213.3
ah,213.35,213.45
v,213.45,213.53
w,213.66,213.77
ah,213.77,213.82
t,213.82,213.86
dh,213.87,213.91
ae,213.91,213.95
t,213.95,214.04
p,214.04,214.12
er,214.12,214.21
s,214.21,214.3
ah,214.3,214.33
n,214.33,214.48
ih,214.52,214.63
z,214.63,214.72
t,214.72,214.81
ao,214.81,214.92
k,214.92,215.0
ih,215.0,215.07
ng,215.07,215.11
ah,215.11,215.16
b,215.16,215.23
aw,215.23,215.28
t,215.28,215.41
ah,215.67,215.75
n,215.75,215.81
d,215.81,215.89
ih,215.9,215.91
t,215.91,215.92
s,215.92,215.95
r,215.96,216.1
iy,216.1,216.18
l,216.18,216.23
iy,216.23,216.27
r,216.27,216.31
iy,216.31,216.34
l,216.34,216.4
iy,216.4,216.41
ih,216.41,216.43
m,216.43,216.48
p,216.48,216.54
ao,216.54,216.61
r,216.61,216.62
t,216.62,216.67
ah,216.67,216.68
n,216.68,216.71
t,216.71,216.77
dh,216.77,216.78
ae,216.78,216.84
t,216.84,216.94
p,217.01,217.06
iy,217.06,217.11
p,217.11,217.18
ah,217.18,217.23
l,217.23,217.34
n,217.5,217.65
ow,217.65,217.73
dh,217.73,217.81
ae,217.81,217.88
t,217.88,217.97
b,218.32,218.4
ah,218.4,218.44
t,218.44,218.52
w,218.52,218.63
ah,218.63,218.7
n,218.7,218.76
th,218.76,218.79
ih,218.79,218.88
ng,218.88,218.91
dh,218.91,218.96
ae,218.96,219.0
t,219.0,219.05
y,219.05,219.08
uw,219.08,219.15
sh,219.15,219.23
uh,219.23,219.31
d,219.31,219.36
b,219.37,219.43
iy,219.43,219.5
ah,219.53,219.61
w,219.61,219.74
eh,219.74,219.85
r,219.85,219.94
ah,219.94,220.02
v,220.02,220.08
ah,220.14,220.21
n,220.21,220.24
d,220.24,220.25
ih,220.25,220.32
t,220.32,220.35
s,220.35,220.36
s,220.44,220.56
ow,220.56,220.62
ih,220.62,220.67
m,220.67,220.71
p,220.71,220.78
ao,220.78,220.87
r,220.87,220.91
t,220.91,220.95
ah,220.95,220.96
n,220.96,221.01
t,221.01,221.08
dh,221.08,221.1
ae,221.1,221.19
t,221.19,221.29
ih,221.36,221.44
t,221.44,221.51
s,221.51,221.61
ih,221.64,221.75
g,221.75,221.86
z,221.86,222.02
ao,222.02,222.14
s,222.14,222.23
t,222.23,222.3
ih,222.3,222.36
ng,222.36,222.42
t,222.42,222.52
uw,222.52,222.59
d,222.59,222.65
uw,222.65,222.82
ih,222.83,222.84
t,222.84,222.85
ao,222.91,223.05
l,223.05,223.12
dh,223.12,223.16
ah,223.16,223.22
t,223.23,223.35
ay,223.35,223.51
m,223.51,223.63
ih,223.64,223.71
t,223.71,223.77
s,223.77,223.85
s,224.31,224.46
ow,224.46,224.53
m,224.53,224.61
ah,224.61,224.66
ch,224.66,224.83
k,225.0,225.13
aa,225.13,225.18
n,225.18,225.23
s,225.23,225.27
ah,225.27,225.34
n,225.34,225.38
t,225.38,225.45
r,225.45,225.56
ey,225.56,225.64
sh,225.64,225.73
ah,225.73,225.8
n,225.8,225.87
y,225.88,225.95
uh,225.95,226.02
r,226.02,226.08
f,226.08,226.25
ow,226.25,226.33
k,226.33,226.42
ah,226.42,226.49
s,226.49,226.58
ih,226.58,226.66
ng,226.66,226.81
ao,227.03,227.14
n,227.14,227.2
w,227.2,227.26
ah,227.26,227.3
t,227.3,227.33
dh,227.33,227.35
ae,227.35,227.4
t,227.4,227.46
p,227.46,227.52
er,227.52,227.59
s,227.59,227.66
ah,227.66,227.71
n,227.71,227.86
ih,227.87,227.88
z,227.88,227.89
s,227.89,228.04
ey,228.04,228.21
ih,228.21,228.28
ng,228.28,228.45
ae,228.82,228.98
n,228.98,229.09
d,229.09,229.14
ih,229.16,229.22
t,229.22,229.27
s,229.27,229.31
ih,229.31,229.36
g,229.36,229.43
z,229.43,229.5
ao,229.5,229.56
s,229.56,229.62
t,229.62,229.66
ih,229.66,229.7
ng,229.7,229.78
ih,229.84,229.91
t,229.91,229.98
k,229.98,230.04
ae,230.04,230.14
n,230.14,230.2
b,230.2,230.28
iy,230.28,230.38
v,230.41,230.47
eh,230.47,230.51
r,230.51,230.57
iy,230.57,230.6
v,230.6,230.69
eh,230.69,230.7
r,230.7,230.79
iy,230.79,230.84
hh,230.84,230.93
aa,230.93,231.07
r,231.07,231.12
d,231.12,231.21
w,231.4,231.5
ih,231.5,231.57
ch,231.57,231.66
ih,231.66,231.74
z,231.74,231.82
w,231.82,231.92
ay,231.92,232.07
ih,232.07,232.19
t,232.19,232.23
s,232.23,232.27
ah,232.27,232.33
n,232.33,232.4
ah,232.4,232.46
dh,232.46,232.56
er,232.56,232.6
r,232.6,232.62
iy,232.62,232.71
z,232.71,232.76
ah,232.76,232.79
n,232.79,232.87
w,232.87,232.98
ay,232.98,233.26
y,233.4,233.51
uw,233.51,233.59
k,233.59,233.65
ah,233.65,233.71
n,233.71,233.8
ow,233.82,234.01
n,234.01,234.1
l,234.1,234.18
iy,234.18,234.31
d,234.32,234.44
uw,234.44,234.54
ih,234.54,234.62
t,234.62,234.72
hh,234.88,234.98
w,234.98,235.16
ah,235.16,235.24
n,235.24,235.27
ao,235.27,235.33
n,235.33,235.45
w,235.45,235.57
ah,235.57,235.65
n,235.65,235.78
m,236.48,236.61
iy,236.61,236.68
n,236.68,236.73
ih,236.73,236.78
ng,236.78,236.87
y,236.88,236.93
uw,236.93,236.99
k,236.99,237.01
ah,237.01,237.04
n,237.04,237.08
ow,237.08,237.13
n,237.13,237.14
l,237.14,237.15
iy,237.15,237.22
d,237.22,237.27
uw,237.27,237.32
ih,237.32,237.33
t,237.33,237.38
w,237.38,237.41
ih,237.41,237.45
th,237.45,237.52
w,237.53,237.63
ah,237.63,237.7
n,237.7,237.77
p,237.77,237.84
er,237.84,237.95
s,237.95,238.03
ah,238.03,238.09
n,238.09,238.21
w,238.32,238.39
ih,238.39,238.43
ch,238.43,238.49
m,238.49,238.55
ey,238.55,238.62
k,238.62,238.66
s,238.66,238.67
s,238.67,238.74
eh,238.74,238.82
n,238.82,238.91
s,238.91,239.03
y,239.07,239.14
uw,239.14,239.2
k,239.2,239.29
ae,239.29,239.43
n,239.43,239.48
t,239.48,239.56
l,239.71,239.8
uh,239.8,239.85
k,239.85,239.9
ae,239.9,240.01
t,240.01,240.17
t,240.39,240.5
uw,240.5,240.61
ao,240.61,240.7
r,240.7,240.75
m,240.75,240.83
ao,240.83,240.92
r,240.92,240.98
p,240.98,241.03
iy,241.03,241.1
p,241.1,241.18
ah,241.18,241.23
l,241.23,241.31
z,241.31,241.42
l,241.69,241.83
ih,241.83,241.87
p,241.87,241.94
s,241.94,242.09
ae,242.34,242.44
t,242.44,242.49
dh,242.49,242.53
ah,242.53,242.59
s,242.59,242.69
ey,242.69,242.77
m,242.77,242.84
t,242.84,242.92
ay,242.92,243.04
m,243.04,243.15
dh,243.4,243.46
ae,243.46,243.51
t,243.51,243.55
s,243.55,243.58
ih,243.77,243.9
m,243.9,243.96
p,243.96,244.04
aa,244.04,244.15
s,244.15,244.21
ah,244.21,244.29
b,244.29,244.31
ah,244.31,244.37
l,244.37,244.48
s,244.78,244.89
ow,244.89,245.14
ih,245.23,245.3
n,245.3,245.36
ah,245.36,245.46
g,245.47,245.6
r,245.6,245.65
uw,245.65,245.7
p,245.7,245.78
ih,245.8,245.89
n,245.89,245.96
v,245.96,246.04
ay,246.04,246.15
r,246.15,246.16
ah,246.16,246.21
n,246.21,246.27
m,246.27,246.29
ah,246.29,246.36
n,246.36,246.41
t,246.41,246.5
l,246.69,246.8
ih,246.8,246.85
p,246.85,246.92
r,246.92,246.99
iy,246.99,247.07
d,247.07,247.11
ih,247.11,247.16
ng,247.16,247.25
ih,247.32,247.68
z,247.68,247.8
p,248.01,248.07
r,248.07,248.13
ih,248.13,248.22
t,248.22,248.35
iy,248.35,248.52
m,248.55,248.63
ah,248.63,248.68
ch,248.68,248.75
ih,248.77,248.83
m,248.83,248.89
p,248.89,248.94
aa,248.94,249.04
s,249.04,249.08
ah,249.08,249.16
b,249.16,249.18
ah,249.18,249.21
l,249.21,249.32
hh,249.7,249.8
aw,249.8,249.88
eh,249.88,249.94
v,249.94,250.01
er,250.01,250.07
ay,250.09,250.2
d,250.2,250.3
uw,250.3,250.39
g,250.39,250.45
eh,250.45,250.49
t,250.49,250.58
dh,250.58,250.62
ah,250.62,250.69
f,250.69,250.81
iy,250.81,250.88
l,250.88,250.92
ih,250.92,250.98
ng,250.98,251.05
dh,251.05,251.12
ae,251.12,251.2
t,251.2,251.28
m,251.28,251.35
ey,251.35,251.43
b,251.43,251.49
iy,251.49,251.58
dh,251.58,251.64
ah,251.64,251.72
w,251.72,251.83
er,251.83,251.88
d,251.88,251.97
l,251.97,252.02
ih,252.02,252.08
p,252.08,252.18
r,252.18,252.26
iy,252.26,252.32
d,252.32,252.33
ih,252.33,252.42
ng,252.42,252.5
ih,252.54,252.79
z,252.79,252.9
ah,252.97,253.08
b,253.08,253.21
ih,253.21,253.29
t,253.29,253.36
m,253.44,253.6
ih,253.6,253.69
s,253.69,253.83
l,253.83,253.93
iy,253.93,254.02
d,254.02,254.05
ih,254.05,254.1
ng,254.1,254.17
b,254.17,254.21
ih,254.21,254.26
k,254.26,254.34
ao,254.34,254.41
z,254.41,254.47
p,254.5,254.55
iy,254.55,254.62
p,254.62,254.68
ah,254.68,254.73
l,254.73,254.81
ah,254.84,254.93
s,254.93,255.03
uw,255.03,255.12
m,255.12,255.19
dh,255.19,255.23
ae,255.23,255.33
t,255.33,255.43
y,255.63,255.69
uh,255.69,255.74
r,255.74,255.78
jh,255.78,255.85
ah,255.85,255.92
s,255.92,256.04
t,256.04,256.05
s,256.05,256.11
t,256.11,256.21
eh,256.21,256.3
r,256.3,256.36
ih,256.36,256.42
ng,256.42,256.49
ae,256.53,256.63
t,256.63,256.69
dh,256.69,256.76
ah,256.76,256.84
l,256.84,256.95
ih,256.95,257.02
p,257.02,257.09
s,257.09,257.2
ah,257.27,257.34
n,257.34,257.43
d,257.43,257.51
dh,257.67,257.68
ae,257.68,257.69
t,257.69,257.7
s,257.7,257.71
ih,257.78,257.89
t,257.89,258.0
ih,258.29,258.37
t,258.37,258.45
m,258.45,258.46
ay,258.46,258.57
t,258.57,258.65
b,258.65,258.7
iy,258.7,258.76
t,258.76,258.83
r,258.83,258.86
uw,258.86,258.87
f,259.02,259.08
er,259.08,259.15
s,259.15,259.22
ah,259.22,259.3
m,259.3,259.36
p,259.36,259.43
iy,259.43,259.5
p,259.5,259.57
ah,259.57,259.62
l,259.62,259.71
b,259.73,259.77
ah,259.77,259.8
t,259.8,259.87
f,259.88,260.03
er,260.03,260.16
m,260.17,260.28
iy,260.28,260.47
ay,260.53,260.73
s,260.73,260.88
w,260.88,260.95
ih,260.95,261.02
ch,261.02,261.28
b,261.57,261.63
ih,261.63,261.69
t,261.69,261.77
w,261.77,261.82
iy,261.82,261.88
n,261.88,262.09
l,262.15,262.23
uh,262.23,262.27
k,262.27,262.31
ih,262.31,262.35
ng,262.35,262.38
ae,262.38,262.45
t,262.45,262.49
dh,262.49,262.52
ah,262.52,262.56
l,262.56,262.61
ih,262.61,262.66
p,262.66,262.74
s,262.74,262.79
ah,262.82,262.89
n,262.89,263.0
d,263.0,263.06
ah,263.11,263.19
dh,263.19,263.28
er,263.28,263.44
p,263.71,263.8
aa,263.8,263.88
r,263.88,263.91
t,263.91,263.94
s,263.94,263.97
ah,264.0,264.15
v,264.15,264.25
dh,264.26,264.37
iy,264.37,264.5
p,264.5,264.6
er,264.6,264.7
s,264.7,264.77
ah,264.77,264.82
n,264.82,264.87
z,264.87,264.96
f,264.99,265.09
ey,265.09,265.19
s,265.19,265.26
b,265.26,265.31
ih,265.31,265.38
k,265.38,265.5
ao,265.5,265.62
z,265.62,265.72
s,266.38,266.52
ah,266.52,266.58
m,266.58,266.61
p,266.61,266.65
iy,266.65,266.7
p,266.7,266.71
ah,266.71,266.73
l,266.73,266.74
hh,266.77,266.85
ae,266.85,266.89
v,266.89,266.96
dh,266.96,266.97
ae,266.97,267.05
t,267.05,267.19
p,267.25,267.34
er,267.34,267.41
ih,267.41,267.48
f,267.48,267.55
er,267.55,267.56
ah,267.56,267.57
l,267.57,267.82
v,267.89,268.04
ih,268.04,268.11
zh,268.11,268.18
ah,268.18,268.26
n,268.26,268.36
w,268.36,268.43
eh,268.43,268.5
r,268.5,268.55
y,268.55,268.59
uw,268.59,268.69
s,269.24,269.48
iy,269.48,269.63
y,269.63,269.73
uh,269.73,269.79
r,269.79,269.86
l,269.86,269.94
ih,269.94,270.0
p,270.0,270.14
w,270.33,270.49
ay,270.49,270.61
l,270.61,270.67
l,270.7,270.76
uh,270.76,270.82
k,270.82,270.86
ih,270.86,270.9
ng,270.9,270.93
ae,270.93,271.01
t,271.01,271.09
dh,271.09,271.14
ae,271.14,271.2
t,271.2,271.3
p,271.41,271.49
er,271.49,271.57
s,271.57,271.64
ah,271.64,271.69
n,271.69,271.78
z,271.78,272.04
ay,272.2,272.51
z,272.51,272.64
ah,273.11,273.24
n,273.24,273.41
d,273.41,273.53
y,273.98,274.06
uh,274.06,274.12
r,274.12,274.19
ay,274.21,274.38
z,274.38,274.43
k,274.44,274.5
ah,274.5,274.57
n,274.57,274.78
s,275.97,276.13
ey,276.13,276.21
ah,276.21,276.27
l,276.27,276.32
ao,276.32,276.38
t,276.38,276.39
ah,276.39,276.4
v,276.4,276.48
th,276.51,276.59
ih,276.59,276.64
ng,276.64,276.69
z,276.69,276.7
ae,276.73,276.8
z,276.8,276.88
w,276.88,276.96
eh,276.96,277.05
l,277.05,277.18
b,277.23,277.32
ah,277.32,277.38
t,277.38,277.58
dh,277.68,277.75
ah,277.75,277.79
w,277.79,277.88
ey,277.88,277.97
ay,277.97,278.09
d,278.12,278.18
uw,278.18,278.28
ay,278.53,278.61
d,278.62,278.68
ow,278.68,278.74
n,278.74,278.83
jh,278.83,278.88
ah,278.88,278.94
s,278.94,279.01
t,279.01,279.07
ow,279.14,279.34
n,279.34,279.42
l,279.42,279.49
iy,279.49,279.62
s,279.66,279.97
t,279.97,280.05
eh,280.05,280.14
r,280.14,280.2
ae,280.24,280.33
t,280.33,280.39
dh,280.39,280.43
ah,280.43,280.48
l,280.48,280.52
ih,280.52,280.57
p,280.57,280.59
s,280.59,280.64
ay,280.68,280.84
g,280.84,280.94
ow,280.94,281.01
ah,281.01,281.07
p,281.07,281.14
ae,281.14,281.19
n,281.19,281.2
d,281.2,281.28
d,281.28,281.34
aw,281.34,281.52
n,281.52,281.61
ay,281.63,281.74
l,281.76,281.84
uh,281.84,281.89
k,281.89,281.95
ae,281.95,282.01
t,282.01,282.11
dh,282.11,282.13
eh,282.13,282.21
r,282.21,282.28
f,282.28,282.42
ey,282.42,282.51
s,282.51,282.62
ih,282.62,282.7
z,282.7,282.77
dh,282.93,282.99
eh,282.99,283.04
r,283.04,283.08
f,283.08,283.18
ey,283.18,283.22
sh,283.22,283.28
ah,283.28,283.33
l,283.33,283.38
ih,283.38,283.41
k,283.41,283.45
s,283.45,283.52
p,283.52,283.57
r,283.57,283.61
eh,283.61,283.64
sh,283.64,283.72
ah,283.72,283.77
n,283.77,283.8
z,283.8,283.81
ao,283.84,283.94
r,283.94,283.98
l,283.99,284.05
ih,284.05,284.14
s,284.14,284.21
ah,284.21,284.29
n,284.29,284.42
b,284.45,284.55
ah,284.55,284.62
t,284.62,284.71
ih,285.22,285.33
t,285.33,285.4
s,285.4,285.48
ao,285.84,285.97
l,285.97,286.09
s,286.09,286.19
ow,286.19,286.49
s,286.52,286.6
ah,286.6,286.65
m,286.65,286.7
th,286.7,286.76
ih,286.76,286.77
ng,286.77,286.84
dh,286.84,286.89
ae,286.89,286.98
t,286.98,287.11
y,287.23,287.33
uw,287.33,287.41
k,287.41,287.45
ah,287.45,287.51
n,287.51,287.65
s,287.66,287.81
iy,287.81,288.02
ao,288.04,288.14
l,288.14,288.22
m,288.22,288.28
ow,288.28,288.32
s,288.32,288.4
t,288.4,288.46
k,288.8,288.92
ao,288.92,289.0
r,289.0,289.06
n,289.06,289.08
er,289.08,289.15
ah,289.15,289.18
v,289.18,289.28
y,289.28,289.29
uh,289.29,289.34
r,289.34,289.39
ay,289.46,289.76
z,289.76,289.87
w,290.24,290.41
ay,290.41,290.5
l,290.5,290.54
y,290.54,290.63
uh,290.63,290.72
r,290.72,290.79
l,290.79,290.85
uh,290.85,290.91
k,290.91,290.94
ih,290.94,290.99
ng,290.99,291.08
ae,291.12,291.25
t,291.25,291.33
s,291.35,291.43
ah,291.43,291.48
m,291.48,291.53
th,291.53,291.59
ih,291.59,291.6
ng,291.6,291.67
eh,291.71,291.78
l,291.78,291.86
s,291.86,291.98
ao,292.47,292.55
n,292.55,292.62
dh,292.62,292.66
ae,292.66,292.69
t,292.69,292.76
p,292.76,292.82
er,292.82,292.88
s,292.88,292.89
ah,292.89,292.9
n,292.9,292.91
z,292.91,292.92
f,293.1,293.2
ey,293.2,293.28
s,293.28,293.32
s,293.33,293.41
ow,293.41,293.55
l,294.08,294.19
ih,294.19,294.25
p,294.25,294.32
r,294.32,294.4
iy,294.4,294.44
d,294.44,294.45
ih,294.45,294.46
ng,294.46,294.6
ih,294.62,294.73
z,294.73,294.82
k,295.07,295.2
er,295.2,295.3
eh,295.3,295.36
k,295.36,295.41
t,295.41,295.46
ih,295.47,295.55
n,295.55,295.6
dh,295.6,295.64
ae,295.64,295.67
t,295.67,295.75
t,295.75,295.84
er,295.84,295.96
m,295.96,296.04
b,296.04,296.09
ah,296.09,296.16
t,296.16,296.21
n,296.41,296.55
aa,296.55,296.63
t,296.63,296.7
ao,296.95,297.06
l,297.06,297.1
w,297.1,297.18
iy,297.18,297.21
z,297.21,297.28
k,297.28,297.38
er,297.38,297.45
eh,297.45,297.52
k,297.52,297.56
t,297.56,297.57
b,297.57,297.62
ih,297.62,297.66
k,297.66,297.73
ao,297.73,297.8
z,297.8,297.87
ay,298.13,298.26
d,298.26,298.33
ow,298.33,298.39
n,298.39,298.44
t,298.44,298.49
jh,298.5,298.56
ah,298.56,298.63
s,298.63,298.71
t,298.71,298.72
s,298.81,298.95
t,298.95,299.03
eh,299.03,299.11
r,299.11,299.18
ae,299.22,299.3
t,299.3,299.36
dh,299.36,299.4
ah,299.4,299.47
l,299.47,299.53
ih,299.53,299.58
p,299.58,299.65
s,299.65,299.72
b,299.76,299.84
ah,299.84,299.9
t,299.9,299.97
ah,300.19,300.26
g,300.26,300.34
eh,300.34,300.39
n,300.39,300.47
ih,300.52,300.59
t,300.59,300.61
s,300.61,300.62
d,300.65,300.71
ih,300.71,300.79
f,300.79,300.86
r,300.86,300.87
ah,300.87,300.9
n,300.9,300.95
t,300.95,300.98
f,300.99,301.05
ao,301.05,301.08
r,301.08,301.14
ah,301.22,301.31
dh,301.31,301.37
er,301.37,301.42
p,301.42,301.48
iy,301.48,301.55
p,301.55,301.63
ah,301.63,301.67
l,301.67,301.9
r,302.12,302.21
ah,302.21,302.3
g,302.3,302.36
aa,302.36,302.44
r,302.44,302.49
d,302.49,302.52
l,302.52,302.6
ah,302.6,302.63
s,302.63,302.69
ah,302.69,302.75
v,302.75,302.83
ao,302.84,303.06
l,303.06,303.18
dh,303.18,303.25
ae,303.25,303.37
t,303.37,303.44
w,303.47,303.67
ah,303.67,303.75
n,303.75,303.81
th,303.81,303.85
ih,303.85,303.94
ng,303.94,303.99
dh,303.99,304.06
ae,304.06,304.15
t,304.15,304.2
ay,304.23,304.36
sh,304.36,304.44
uh,304.44,304.5
d,304.5,304.58
ao,304.58,304.64
l,304.64,304.72
s,304.72,304.81
ow,304.81,304.91
s,304.91,305.05
ey,305.05,305.22
ah,305.25,305.32
n,305.32,305.36
d,305.36,305.37
ih,305.37,305.41
t,305.41,305.42
s,305.42,305.51
k,305.55,305.67
ay,305.67,305.76
n,305.76,305.77
d,305.77,305.82
ah,305.82,305.87
v,305.87,305.93
ah,305.95,306.01
n,306.01,306.13
oy,306.13,306.22
ih,306.22,306.25
ng,306.25,306.29
w,306.29,306.34
ih,306.34,306.36
n,306.36,306.37
th,306.89,307.0
ih,307.0,307.02
ng,307.02,307.09
k,307.09,307.13
dh,307.13,307.2
ae,307.2,307.29
t,307.29,307.41
ih,307.7,307.77
t,307.77,307.82
s,307.82,307.87
t,307.92,308.04
r,308.04,308.14
uw,308.14,308.26
ih,308.37,308.47
t,308.47,308.54
s,308.54,308.56
n,308.61,308.75
aa,308.75,308.88
t,308.88,308.95
ey,309.03,309.16
t,309.16,309.28
r,309.28,309.39
ih,309.39,309.47
k,309.47,309.65
ih,309.77,309.87
t,309.87,309.93
s,309.93,309.98
n,309.98,309.99
aa,309.99,310.0
t,310.0,310.01
ey,310.24,310.36
s,310.36,310.53
uw,310.53,310.61
p,310.61,310.67
er,310.67,310.72
hh,310.72,310.78
iy,310.78,310.82
r,310.82,310.91
ow,310.91,310.95
t,310.95,311.04
r,311.04,311.11
ih,311.11,311.17
k,311.17,311.28
ih,311.51,311.62
t,311.62,311.69
s,311.69,311.77
n,311.77,311.8
aa,311.8,311.88
t,311.88,311.95
s,311.95,311.99
ah,311.99,312.05
m,312.05,312.1
th,312.1,312.17
ih,312.17,312.19
ng,312.19,312.26
dh,312.27,312.34
ae,312.34,312.42
t,312.42,312.51
ay,312.76,312.93
k,312.93,313.01
ah,313.01,313.11
n,313.11,313.3
s,313.46,313.64
iy,313.64,313.74
f,313.74,313.78
r,313.78,313.82
ah,313.82,313.84
m,313.84,314.03
f,314.1,314.21
aa,314.21,314.29
r,314.29,314.37
ah,314.37,314.4
w,314.4,314.51
ey,314.51,314.76
p,314.88,314.94
iy,314.94,314.98
p,314.98,315.03
ah,315.03,315.05
l,315.05,315.1
th,315.12,315.19
ih,315.19,315.21
ng,315.21,315.27
k,315.27,315.28
dh,315.3,315.37
ae,315.37,315.42
t,315.42,315.5
ay,315.5,315.59
k,315.59,315.65
ah,315.65,315.71
n,315.71,315.81
r,315.81,315.89
iy,315.89,315.95
d,315.95,316.03
ah,316.06,316.16
dh,316.16,316.22
er,316.22,316.27
p,316.27,316.31
iy,316.31,316.37
p,316.37,316.42
ah,316.42,316.47
l,316.47,316.52
z,316.52,316.6
l,316.6,316.67
ih,316.67,316.73
p,316.73,316.8
s,316.8,316.83
f,316.85,316.94
er,316.94,317.01
m,317.01,317.17
ah,317.21,317.28
k,317.28,317.37
r,317.37,317.39
ao,317.39,317.48
s,317.48,317.54
dh,317.54,317.6
ah,317.6,317.68
r,317.68,317.73
uw,317.73,317.79
m,317.79,317.93
n,318.29,318.48
ow,318.48,318.64
n,319.16,319.32
ow,319.32,319.44
dh,319.77,319.85
ae,319.85,319.9
t,319.9,319.93
s,319.93,319.94
n,319.99,320.04
aa,320.04,320.09
t,320.09,320.12
hh,320.12,320.17
aw,320.17,320.26
ih,320.26,320.27
t,320.27,320.29
w,320.29,320.38
er,320.38,320.46
k,320.46,320.47
s,320.47,320.48
ih,320.54,320.61
t,320.61,320.68
d,320.68,320.74
ah,320.74,320.79
z,320.79,320.83
ah,320.83,320.85
n,320.85,320.93
w,320.93,320.98
er,320.98,321.03
k,321.03,321.09
l,321.09,321.16
ay,321.16,321.19
k,321.19,321.23
s,321.78,321.89
ow,321.89,322.11
jh,322.68,322.73
ah,322.73,322.81
s,322.81,322.88
t,322.88,322.89
b,323.32,323.41
eh,323.41,323.46
r,323.46,323.53
dh,323.53,323.58
ae,323.58,323.63
t,323.63,323.67
ih,323.67,323.71
n,323.71,323.74
m,323.74,323.82
ay,323.82,323.92
n,323.92,323.94
d,323.94,323.99
ih,324.0,324.1
t,324.1,324.16
s,324.16,324.26
n,324.26,324.29
aa,324.29,324.4
t,324.4,324.45
ey,324.5,324.79
t,325.16,325.26
r,325.26,325.34
ih,325.34,325.43
k,325.43,325.57
ao,325.61,325.73
r,325.73,325.8
p,325.8,325.91
aa,325.91,326.0
r,326.0,326.07
t,326.07,326.16
iy,326.16,326.23
t,326.23,326.3
r,326.3,326.36
ih,326.36,326.42
k,326.42,326.59
b,327.16,327.25
ah,327.25,327.3
t,327.3,327.37
l,327.37,327.43
ay,327.43,327.5
k,327.5,327.57
ay,327.57,327.64
s,327.64,327.7
eh,327.7,327.77
d,327.77,327.86
ih,327.9,327.96
t,327.96,328.03
s,328.03,328.11
p,328.11,328.19
aa,328.19,328.27
r,328.27,328.31
t,328.31,328.35
ah,328.35,328.43
v,328.43,328.5
m,328.51,328.61
eh,328.61,328.68
n,328.68,328.75
iy,328.75,328.85
k,328.85,328.99
l,328.99,329.08
uw,329.08,329.16
z,329.16,329.25
ah,329.3,329.38
n,329.38,329.43
d,329.43,329.44
ih,329.44,329.5
t,329.5,329.55
s,329.55,329.62
n,329.63,329.78
aa,329.78,329.91
t,329.91,330.03
s,331.15,331.23
ah,331.23,331.28
l,331.28,331.36
uw,331.36,331.43
sh,331.43,331.52
ah,331.52,331.59
n,331.59,331.68
ah,332.27,332.39
n,332.39,332.43
d,332.43,332.44
ah,332.49,332.55
b,332.55,332.62
ih,332.62,332.68
g,332.68,332.74
p,332.75,332.85
aa,332.85,332.96
r,332.96,333.0
t,333.0,333.01
ah,333.01,333.07
v,333.07,333.13
ih,333.13,333.22
t,333.22,333.26
ih,333.29,333.42
z,333.42,333.45
ah,333.52,333.59
b,333.59,333.66
aw,333.66,333.73
t,333.73,333.79
ah,333.88,333.96
n,333.96,334.05
d,334.05,334.06
er,334.06,334.12
s,334.12,334.18
t,334.18,334.27
ae,334.27,334.34
n,334.34,334.38
d,334.38,334.44
ih,334.44,334.48
ng,334.48,334.54
dh,334.56,334.62
ah,334.62,334.69
k,334.69,334.83
aa,334.83,334.93
n,334.93,335.02
t,335.02,335.09
eh,335.09,335.2
k,335.2,335.31
s,335.31,335.32
t,335.32,335.33
hh,335.39,335.45
w,335.45,335.55
ah,335.55,335.59
t,335.59,335.65
dh,335.67,335.72
ae,335.72,335.74
t,335.74,335.82
p,335.82,335.9
er,335.9,335.96
s,335.96,336.03
ah,336.03,336.06
n,336.06,336.12
z,336.12,336.16
t,336.16,336.25
ao,336.25,336.33
k,336.33,336.38
ih,336.38,336.42
ng,336.42,336.46
dh,336.94,337.03
ae,337.03,337.09
t,337.09,337.13
ao,337.16,337.28
l,337.28,337.39
s,337.39,337.49
ow,337.49,337.69
ae,337.98,338.13
d,338.13,338.21
z,338.21,338.31
t,338.31,338.42
uw,338.42,338.68
dh,339.06,339.2
iy,339.2,339.3
hh,339.3,339.37
ow,339.37,339.44
l,339.44,339.6
ah,339.66,339.72
n,339.72,339.78
d,339.78,339.82
er,339.82,339.88
s,339.88,339.93
t,339.93,340.02
ae,340.02,340.1
n,340.1,340.13
d,340.13,340.19
ih,340.19,340.23
ng,340.23,340.32
w,340.32,340.35
ah,340.35,340.39
t,340.39,340.44
dh,340.44,340.46
ae,340.46,340.49
t,340.49,340.54
p,340.54,340.6
er,340.6,340.66
s,340.66,340.72
ah,340.72,340.76
n,340.76,340.84
ih,340.85,340.86
z,340.86,340.9
s,340.9,341.05
ey,341.05,341.16
ih,341.16,341.2
ng,341.2,341.33
s,341.71,341.81
ow,341.81,341.88
f,341.88,341.97
ao,341.97,342.0
r,342.0,342.01
ih,342.01,342.02
g,342.02,342.09
z,342.09,342.16
ae,342.16,342.26
m,342.26,342.33
p,342.33,342.4
ah,342.4,342.43
l,342.43,342.55
ih,342.59,342.71
f,342.71,342.8
y,342.8,342.86
uw,342.86,342.99
er,342.99,343.19
r,343.55,343.7
iy,343.7,343.77
d,343.77,343.78
ih,343.78,343.86
ng,343.86,343.93
dh,343.93,343.98
ah,343.98,344.04
w,344.04,344.19
er,344.19,344.32
d,344.32,344.43
ao,344.48,344.58
n,344.58,344.68
dh,344.68,344.73
ae,344.73,344.75
t,344.75,344.82
p,344.82,344.89
er,344.89,344.95
s,344.95,345.02
ah,345.02,345.06
n,345.06,345.1
z,345.1,345.11
l,345.11,345.23
ih,345.23,345.31
p,345.31,345.41
s,345.41,345.59
p,345.82,345.93
eh,345.93,346.12
r,346.12,346.34
ah,346.8,346.9
n,346.9,346.98
d,346.98,347.07
b,347.11,347.32
eh,347.32,347.44
r,347.44,347.63
hh,348.15,348.24
w,348.24,348.34
eh,348.34,348.39
n,348.39,348.45
y,348.45,348.47
uh,348.47,348.52
r,348.52,348.55
l,348.55,348.57
uh,348.57,348.63
k,348.63,348.66
ih,348.66,348.71
ng,348.71,348.72
ae,348.72,348.81
t,348.81,348.87
dh,348.87,348.9
ae,348.9,348.94
t,348.94,349.01
p,349.01,349.08
er,349.08,349.16
s,349.16,349.23
ah,349.23,349.29
n,349.29,349.35
z,349.35,349.41
l,349.42,349.58
ih,349.58,349.65
p,349.65,349.72
s,349.72,349.73
ih,349.8,349.88
t,349.88,349.93
l,349.96,350.11
uh,350.11,350.16
k,350.16,350.2
s,350.2,350.24
ih,350.26,350.34
g,350.34,350.46
z,350.46,350.54
ae,350.54,350.64
k,350.64,350.69
t,350.69,350.72
l,350.72,350.73
iy,350.73,350.74
dh,350.83,350.89
ah,350.89,350.96
s,350.96,351.07
ey,351.07,351.17
m,351.17,351.3
p,351.61,351.72
eh,351.72,351.9
r,351.9,352.08
ah,352.35,352.46
n,352.46,352.57
d,352.57,352.58
b,352.6,352.7
eh,352.7,352.81
r,352.81,352.96
b,353.45,353.51
ah,353.51,353.53
t,353.53,353.59
w,353.59,353.63
ah,353.63,353.71
t,353.71,353.77
d,353.8,353.89
ah,353.89,354.02
z,354.02,354.12
hh,354.13,354.18
eh,354.18,354.24
l,354.24,354.28
p,354.28,354.37
t,354.37,354.46
uw,354.46,354.55
k,354.55,354.66
l,354.66,354.71
eh,354.71,354.74
r,354.74,354.82
ah,354.82,354.86
f,354.86,354.96
ay,354.96,355.01
hh,355.01,355.07
w,355.07,355.12
ah,355.12,355.16
t,355.16,355.22
dh,355.22,355.26
ae,355.26,355.28
t,355.28,355.34
p,355.34,355.41
er,355.41,355.48
s,355.48,355.56
ah,355.56,355.61
n,355.61,355.65
ih,355.65,355.72
z,355.72,355.76
s,355.76,355.91
ey,355.91,356.02
ih,356.02,356.07
ng,356.07,356.17
ih,356.18,356.38
z,356.38,356.61
ih,356.71,356.86
f,356.86,356.96
y,356.96,357.02
uw,357.02,357.1
k,357.1,357.13
ah,357.13,357.19
n,357.19,357.29
g,357.29,357.35
eh,357.35,357.41
t,357.41,357.44
ah,358.07,358.08
g,358.08,358.09
r,358.09,358.1
ae,358.1,358.11
s,358.11,358.12
p,358.12,358.13
ah,358.2,358.33
v,358.33,358.34
dh,358.51,358.62
iy,358.62,358.79
k,358.81,358.9
aa,358.9,359.0
n,359.0,359.09
t,359.09,359.17
eh,359.17,359.28
k,359.28,359.38
s,359.38,359.44
t,359.44,359.5
ah,359.76,359.9
v,359.9,359.99
dh,360.04,360.14
ae,360.14,360.21
t,360.21,360.3
k,360.44,360.54
aa,360.54,360.59
n,360.59,360.6
v,360.6,360.68
er,360.68,360.72
s,360.72,360.83
ey,360.83,360.92
sh,360.92,361.0
ah,361.0,361.06
n,361.06,361.15
s,361.33,361.41
ow,361.41,361.44
f,361.44,361.51
ao,361.51,361.56
r,361.56,361.57
ih,361.57,361.58
g,361.58,361.64
z,361.64,361.7
ae,361.7,361.78
m,361.78,361.86
p,361.86,361.93
ah,361.93,361.96
l,361.96,362.04
ih,362.3,362.42
f,362.42,362.49
y,362.49,362.53
uh,362.53,362.54
r,362.54,362.58
t,362.58,362.65
ao,362.65,362.72
k,362.72,362.79
ih,362.79,362.83
ng,362.83,362.88
t,362.88,362.96
uw,362.96,363.15
ey,363.21,363.54
p,363.61,363.74
aa,363.74,363.8
r,363.8,363.89
k,363.89,364.0
r,364.0,364.07
ey,364.07,364.14
n,364.14,364.22
jh,364.22,364.29
er,364.29,364.45
dh,364.76,364.87
eh,364.87,364.95
n,364.95,365.1
y,365.15,365.25
uw,365.25,365.32
hh,365.32,365.38
ae,365.38,365.45
v,365.45,365.51
ah,365.51,365.54
g,365.54,365.6
uh,365.6,365.66
d,365.66,365.72
ch,365.72,365.83
ae,365.83,365.86
n,365.86,365.93
s,365.93,365.95
dh,365.95,366.02
ae,366.02,366.05
t,366.05,366.1
dh,366.1,366.13
ae,366.13,366.18
t,366.18,366.25
p,366.25,366.36
aa,366.36,366.41
r,366.41,366.49
k,366.49,366.58
r,366.58,366.63
ey,366.63,366.69
n,366.69,366.76
jh,366.76,366.82
er,366.82,366.91
ih,366.93,366.99
z,366.99,367.03
t,367.03,367.12
ao,367.12,367.19
k,367.19,367.25
ih,367.25,367.31
ng,367.31,367.35
ah,367.35,367.4
b,367.4,367.46
aw,367.46,367.51
t,367.51,367.61
ah,367.83,367.91
b,367.92,368.03
eh,368.03,368.04
r,368.04,368.05
ih,368.3,368.39
n,368.39,368.46
ah,368.46,368.5
f,368.5,368.6
ao,368.6,368.67
r,368.67,368.74
ah,368.74,368.79
s,368.79,368.85
t,368.85,368.94
s,369.08,369.12
ow,369.12,369.16
y,369.16,369.17
uw,369.17,369.24
k,369.24,369.28
ah,369.28,369.32
n,369.32,369.38
s,369.38,369.45
iy,369.45,369.51
dh,369.51,369.55
ah,369.55,369.6
w,369.6,369.67
er,369.67,369.71
d,369.71,369.83
b,370.05,370.15
eh,370.15,370.26
r,370.26,370.4
b,370.82,370.89
ah,370.89,370.94
t,370.94,371.01
m,371.01,371.07
ey,371.07,371.16
b,371.16,371.24
iy,371.24,371.38
t,371.43,371.49
ao,371.49,371.57
k,371.57,371.63
ih,371.63,371.69
ng,371.69,371.75
ah,371.99,372.07
p,372.07,372.15
er,372.15,372.23
s,372.23,372.32
ah,372.32,372.37
n,372.37,372.44
hh,372.44,372.52
uw,372.52,372.75
ih,372.9,373.0
n,373.0,373.08
jh,373.08,373.18
oy,373.18,373.4
z,373.4,373.48
g,373.82,373.96
aa,373.96,374.04
r,374.04,374.09
d,374.09,374.16
n,374.16,374.22
ih,374.22,374.28
ng,374.28,374.43
g,374.68,374.82
r,374.82,374.89
ow,374.89,374.96
ih,374.96,375.02
ng,375.02,375.15
v,375.16,375.22
eh,375.22,375.32
jh,375.32,375.33
t,375.33,375.4
ah,375.4,375.47
b,375.47,375.5
ah,375.5,375.57
l,375.57,375.63
z,375.63,375.7
ah,375.76,375.86
n,375.86,375.91
d,375.91,375.98
hh,375.98,376.06
ae,376.06,376.19
z,376.19,376.27
s,376.31,376.38
ah,376.38,376.45
m,376.45,376.67
f,376.71,376.8
r,376.8,376.86
uw,376.86,376.91
t,376.91,376.96
s,376.96,377.12
ih,377.13,377.22
n,377.22,377.27
dh,377.27,377.31
ah,377.31,377.37
g,377.37,377.45
aa,377.45,377.52
r,377.52,377.58
d,377.58,377.6
ah,377.6,377.7
n,377.7,377.82
ah,377.98,378.06
n,378.06,378.09
d,378.09,378.14
aa,378.15,378.26
b,378.26,378.27
v,378.27,378.32
iy,378.32,378.35
ah,378.35,378.38
s,378.38,378.41
l,378.41,378.44
iy,378.44,378.53
dh,378.56,378.62
eh,378.62,378.71
n,378.71,378.75
y,378.75,378.78
uw,378.78,378.84
k,378.84,378.87
ah,378.87,378.91
n,378.91,378.96
th,378.96,379.03
ih,379.03,379.06
ng,379.06,379.12
k,379.12,379.17
m,379.21,379.33
ey,379.33,379.41
b,379.41,379.48
iy,379.48,379.61
t,379.63,379.7
ao,379.7,379.8
k,379.8,379.84
ih,379.84,379.9
ng,379.9,379.92
ah,379.92,379.98
b,379.98,380.01
aw,380.01,380.07
t,380.07,380.16
p,380.24,380.34
eh,380.34,380.49
r,380.49,380.6
z,380.6,380.87
ae,380.94,380.98
n,380.98,381.03
d,381.03,381.05
dh,381.05,381.06
eh,381.06,381.11
n,381.11,381.16
y,381.16,381.2
uw,381.2,381.27
k,381.31,381.4
ah,381.4,381.45
n,381.45,381.58
eh,381.58,381.67
k,381.67,381.7
t,381.7,381.8
dh,381.86,381.95
ah,381.95,382.01
d,382.01,382.09
aa,382.09,382.18
t,382.18,382.25
s,382.25,382.31
dh,382.37,382.49
ae,382.49,382.56
t,382.56,382.63
w,382.63,382.73
ey,382.73,382.86
n,383.54,383.68
aw,383.68,383.76
y,383.76,383.88
eh,383.88,383.97
s,383.97,384.03
ih,384.52,384.6
t,384.6,384.67
s,384.67,384.73
p,384.78,384.89
aa,384.89,385.01
s,385.01,385.09
ah,385.09,385.17
b,385.17,385.18
ah,385.18,385.25
l,385.25,385.39
dh,385.39,385.47
ae,385.47,385.58
t,385.58,385.76
dh,385.96,386.06
eh,386.06,386.11
r,386.11,386.19
k,386.19,386.27
uh,386.27,386.34
d,386.34,386.38
b,386.39,386.49
iy,386.49,386.6
ey,386.67,386.86
b,386.87,387.0
eh,387.0,387.01
r,387.01,387.02
ih,387.34,387.46
n,387.46,387.6
ey,387.62,387.88
f,387.89,388.08
r,388.08,388.15
uw,388.15,388.21
t,388.21,388.26
g,388.9,388.97
aa,388.97,389.09
r,389.09,389.13
d,389.13,389.25
ah,389.25,389.34
n,389.34,389.45
y,389.49,389.64
eh,389.64,389.73
s,389.73,389.83
dh,389.85,389.93
ae,389.93,390.0
t,390.0,390.09
k,390.09,390.19
uh,390.19,390.25
d,390.25,390.35
b,390.37,390.49
iy,390.49,390.61
ih,390.61,390.68
t,390.68,390.77
b,390.94,391.04
ah,391.04,391.13
t,391.13,391.14
ay,391.14,391.18
th,391.18,391.27
ih,391.27,391.3
ng,391.3,391.38
k,391.38,391.44
ih,391.45,391.51
f,391.51,391.6
y,391.6,391.67
uw,391.67,391.73
g,391.73,391.79
eh,391.79,391.87
t,391.87,392.02
ah,392.52,392.53
g,392.53,392.54
r,392.54,392.55
ae,392.55,392.63
s,392.63,392.64
p,392.64,392.65
ah,392.82,392.9
v,392.9,392.97
dh,392.97,392.98
ah,392.98,393.05
k,393.06,393.12
aa,393.12,393.19
n,393.19,393.26
t,393.26,393.32
eh,393.32,393.38
k,393.38,393.47
s,393.47,393.49
t,393.49,393.52
ah,393.55,393.69
v,393.69,393.83
dh,394.05,394.12
ae,394.12,394.18
t,394.18,394.22
k,394.25,394.32
aa,394.32,394.37
n,394.37,394.38
v,394.38,394.45
er,394.45,394.48
s,394.48,394.59
ey,394.59,394.72
sh,394.72,394.82
ah,394.82,394.88
n,394.88,394.94
dh,394.95,395.02
eh,395.02,395.09
n,395.09,395.14
y,395.14,395.2
uw,395.2,395.3
l,395.3,395.32
k,395.32,395.39
w,395.39,395.46
ih,395.46,395.53
k,395.53,395.57
l,395.57,395.58
iy,395.58,395.59
dh,396.15,396.23
ae,396.23,396.31
t,396.31,396.4
ih,396.72,396.82
t,396.82,396.86
s,396.86,396.87
ae,396.92,397.04
k,397.04,397.11
ch,397.11,397.17
l,397.17,397.19
iy,397.19,397.23
t,397.23,397.24
ey,397.24,397.25
k,397.25,397.26
ih,397.26,397.27
ng,397.27,397.28
ah,397.45,397.55
b,397.55,397.6
aw,397.6,397.65
t,397.65,397.73
dh,397.75,397.83
ih,397.83,397.91
s,397.91,398.0
t,398.22,398.28
aa,398.28,398.35
p,398.35,398.45
ih,398.45,398.52
k,398.52,398.64
s,398.87,399.02
ow,399.02,399.36
ih,399.6,399.69
z,399.69,399.74
ih,399.74,399.82
t,399.82,399.93
b,399.94,400.04
eh,400.04,400.12
r,400.12,400.26
ao,400.27,400.36
r,400.36,400.42
p,400.42,400.55
eh,400.55,400.56
r,400.56,400.57
ay,400.57,400.58
n,401.39,401.48
ow,401.48,401.54
ih,401.54,401.6
t,401.6,401.61
s,401.61,401.65
w,401.67,401.8
ah,401.8,401.88
n,401.88,401.98
ao,402.0,402.19
r,402.19,402.26
dh,402.26,402.31
iy,402.31,402.39
ah,402.41,402.5
dh,402.5,402.59
er,402.59,402.71
s,402.77,402.85
ow,402.85,403.03
k,403.65,403.78
aa,403.78,403.85
n,403.85,403.92
t,403.92,403.98
eh,403.98,404.06
k,404.06,404.13
s,404.13,404.14
t,404.14,404.15
ih,404.16,404.17
z,404.17,404.18
ey,404.33,404.47
b,404.58,404.66
ih,404.66,404.8
g,404.8,404.94
b,404.96,405.04
ih,405.04,405.13
g,405.13,405.22
p,405.24,405.35
aa,405.35,405.46
r,405.46,405.49
t,405.49,405.58
ah,405.6,405.69
v,405.69,405.74
ah,405.79,405.87
n,405.87,405.94
d,405.94,405.98
er,405.98,406.03
s,406.03,406.08
t,406.08,406.17
ae,406.17,406.24
n,406.24,406.28
d,406.28,406.35
ih,406.35,406.4
ng,406.4,406.5
w,406.73,406.84
ah,406.84,406.87
t,406.87,406.92
dh,406.92,406.93
ae,406.93,406.96
t,406.96,407.04
p,407.04,407.1
er,407.1,407.16
s,407.16,407.22
ah,407.22,407.26
n,407.26,407.31
z,407.31,407.37
t,407.37,407.45
ao,407.45,407.54
k,407.54,407.59
ih,407.59,407.63
ng,407.63,407.67
iy,408.15,408.3
v,408.3,408.38
ih,408.38,408.41
n,408.41,408.47
ih,408.47,408.53
f,408.53,408.6
y,408.6,408.67
uw,408.67,408.77
aa,408.77,408.94
r,408.94,409.0
l,409.06,409.19
ih,409.19,409.25
p,409.25,409.34
r,409.34,409.39
iy,409.39,409.4
d,409.4,409.41
ih,409.41,409.49
ng,409.49,409.61
dh,409.63,409.7
ae,409.7,409.74
t,409.74,409.83
p,409.83,409.89
er,409.89,409.98
s,409.98,410.05
ah,410.05,410.09
n,410.09,410.16
eh,410.19,410.27
z,410.27,410.3
w,410.3,410.37
eh,410.37,410.43
l,410.43,410.58
s,411.08,411.19
ow,411.19,411.27
dh,411.27,411.33
eh,411.33,411.38
r,411.38,411.41
aa,411.41,411.51
r,411.51,411.58
ah,411.59,411.66
n,411.66,411.77
ah,411.77,411.86
m,411.86,411.91
b,411.91,411.96
er,411.96,412.05
ah,412.05,412.07
v,412.07,412.23
d,412.36,412.44
ih,412.44,412.51
f,412.51,412.59
r,412.59,412.6
ah,412.6,412.66
n,412.66,412.7
t,412.7,412.74
p,412.75,412.81
iy,412.81,412.9
p,412.9,412.97
ah,412.97,413.04
l,413.04,413.13
dh,413.13,413.18
ae,413.18,413.22
t,413.22,413.29
ay,413.29,413.4
jh,413.4,413.5
ah,413.5,413.56
s,413.56,413.6
t,413.6,413.66
k,413.66,413.85
ae,413.85,413.95
n,413.95,414.01
t,414.01,414.05
ah,414.16,414.17
n,414.17,414.22
d,414.22,414.26
er,414.26,414.32
s,414.32,414.39
t,414.39,414.48
ae,414.48,414.58
n,414.58,414.61
d,414.61,414.71
f,414.71,414.75
er,414.75,414.84
m,415.46,415.53
iy,415.53,415.62
ay,415.76,416.04
m,416.04,416.1
jh,416.11,416.2
ah,416.2,416.27
s,416.27,416.33
t,416.33,416.36
n,416.46,416.6
aa,416.6,416.68
t,416.68,416.72
ey,416.74,416.88
b,416.88,416.91
ah,416.91,416.96
l,416.96,417.03
t,417.03,417.16
uw,417.16,417.44
ah,417.69,417.78
n,417.78,417.84
d,417.84,417.88
er,417.88,417.9
s,417.9,417.95
t,417.95,418.05
ae,418.05,418.15
n,418.15,418.17
d,418.17,418.22
w,418.23,418.3
ah,418.3,418.35
t,418.35,418.4
dh,418.4,418.43
ey,418.43,418.51
er,418.51,418.55
s,418.57,418.67
ey,418.67,418.81
ih,418.81,418.83
ng,418.83,418.94
f,419.31,419.42
ao,419.42,419.47
r,419.47,419.52
ih,419.52,419.57
g,419.57,419.62
z,419.62,419.68
ae,419.68,419.77
m,419.77,419.86
p,419.86,419.93
ah,419.93,419.97
l,419.97,420.12
p,420.39,420.46
iy,420.46,420.55
p,420.55,420.63
ah,420.63,420.68
l,420.68,420.76
w,420.77,420.83
ih,420.83,420.88
th,420.88,420.94
th,420.99,421.16
ih,421.16,421.22
n,421.22,421.4
l,421.74,421.75
ih,421.75,421.76
p,421.76,421.84
s,421.84,421.93
p,422.74,422.81
iy,422.81,422.87
p,422.87,422.93
ah,422.93,422.96
l,422.96,423.04
hh,423.04,423.11
uw,423.11,423.22
p,424.33,424.4
iy,424.4,424.46
p,424.46,424.52
ah,424.52,424.55
l,424.55,424.6
hh,424.6,424.68
uw,424.68,424.77
hh,424.77,424.78
ae,424.78,424.85
v,424.85,424.94
n,424.94,425.04
ow,425.04,425.13
ih,425.13,425.21
k,425.21,425.3
s,425.3,425.35
p,425.35,425.4
r,425.4,425.45
eh,425.45,425.53
sh,425.53,425.63
ah,425.63,425.7
n,425.7,425.76
z,425.76,425.85
ao,425.89,425.99
n,425.99,426.08
dh,426.08,426.12
eh,426.12,426.2
r,426.2,426.26
f,426.26,426.4
ey,426.4,426.48
s,426.48,426.58
ih,426.58,426.67
z,426.67,426.92
p,427.39,427.42
iy,427.42,427.49
p,427.49,427.53
ah,427.53,427.56
l,427.56,427.57
hh,427.57,427.59
uw,427.59,427.65
t,427.65,427.7
ao,427.7,427.75
k,427.75,427.81
t,427.81,427.84
uw,427.84,427.9
f,427.9,427.97
ae,427.97,428.04
s,428.04,428.14
t,428.14,428.32
p,428.68,428.74
iy,428.74,428.82
p,428.82,428.89
ah,428.89,428.96
l,428.96,429.04
w,429.04,429.12
ih,429.12,429.22
th,429.22,429.26
b,429.27,429.38
ih,429.38,429.47
g,429.47,429.56
ao,430.53,430.68
r,430.68,430.83
b,430.84,431.01
ih,431.01,431.24
r,431.24,431.33
d,431.33,431.42
z,431.42,431.66
p,431.98,432.05
iy,432.05,432.11
p,432.11,432.16
ah,432.16,432.21
l,432.21,432.27
w,432.27,432.32
ih,432.32,432.35
th,432.35,432.36
s,432.39,432.48
t,432.48,432.52
r,432.52,432.59
ao,432.59,432.72
ng,432.72,432.85
ae,432.92,433.05
k,433.05,433.15
s,433.15,433.23
eh,433.23,433.31
n,433.31,433.35
t,433.35,433.4
s,433.4,433.53
l,434.64,434.74
ay,434.74,434.78
k,434.78,434.86
m,434.86,434.92
iy,434.92,435.03
p,435.77,435.78
iy,435.78,435.86
p,435.86,435.98
ah,435.98,435.99
l,435.99,436.02
hh,436.02,436.1
uw,436.1,436.16
l,436.25,436.39
ae,436.39,436.58
f,436.58,436.64
aw,436.89,436.93
t,436.93,436.94
l,437.06,437.07
aw,437.07,437.14
d,437.14,437.15
w,437.15,437.16
ay,437.16,437.17
l,437.17,437.22
dh,437.22,437.27
eh,437.27,437.31
r,437.31,437.37
s,437.43,437.5
p,437.5,437.6
iy,437.6,437.72
k,437.72,437.8
ih,437.8,437.88
ng,437.88,438.02
w,438.76,438.77
ah,438.77,438.78
t,438.78,438.79
ay,439.35,439.36
w,439.36,439.42
ah,439.42,439.44
z,439.44,439.47
s,439.47,439.56
ey,439.56,439.63
ih,439.63,439.67
ng,439.67,439.73
ih,439.73,439.79
z,439.79,439.86
p,439.86,439.94
iy,439.94,440.0
p,440.0,440.05
ah,440.05,440.07
l,440.07,440.11
hh,440.11,440.19
uw,440.19,440.27
l,440.28,440.39
ae,440.39,440.46
f,440.46,440.6
aw,440.66,440.75
t,440.75,440.76
l,440.77,440.86
aw,440.86,440.93
d,440.93,440.94
w,441.1,441.27
ay,441.27,441.33
l,441.33,441.39
dh,441.39,441.44
eh,441.44,441.5
r,441.5,441.57
s,441.57,441.65
p,441.65,441.73
iy,441.73,441.81
k,441.81,441.85
ih,441.85,441.91
ng,441.91,442.01
ow,442.76,443.03
ah,443.11,443.2
n,443.2,443.29
d,443.29,443.36
n,446.22,446.34
aa,446.34,446.5
dh,447.18,447.28
eh,447.28,447.31
r,447.31,447.35
aa,447.35,447.44
r,447.44,447.51
n,447.56,447.61
ah,447.61,447.66
m,447.66,447.71
b,447.71,447.76
er,447.76,447.78
ah,447.78,447.79
v,447.79,447.87
th,447.87,447.95
ih,447.95,448.03
ng,448.03,448.09
z,448.09,448.1
dh,448.11,448.19
ae,448.19,448.26
t,448.26,448.31
y,448.32,448.42
uw,448.42,448.5
sh,448.5,448.56
uh,448.56,448.61
d,448.61,448.65
b,448.66,448.72
iy,448.72,448.8
ah,448.8,448.88
w,448.88,448.96
eh,448.96,448.97
r,448.97,448.98
ah,449.11,449.19
v,449.19,449.28
ih,449.35,449.45
f,449.45,449.55
y,449.55,449.6
uw,449.6,449.67
aa,449.67,449.73
r,449.73,449.8
s,449.82,449.88
p,449.88,449.95
iy,449.95,450.01
k,450.01,450.05
ih,450.05,450.1
ng,450.1,450.12
t,450.12,450.2
uw,450.2,450.28
s,450.29,450.36
ah,450.36,450.42
m,450.42,450.5
w,450.5,450.52
ah,450.52,450.54
n,450.54,450.6
hh,450.6,450.66
uw,450.66,450.72
ih,450.72,450.78
z,450.78,450.85
d,450.85,450.91
eh,450.91,450.99
f,450.99,451.08
ao,451.08,451.12
r,451.12,451.13
hh,451.14,451.21
aa,451.21,451.26
r,451.26,451.28
d,451.28,451.31
ah,451.31,451.35
v,451.35,451.42
hh,451.42,451.48
iy,451.48,451.55
r,451.55,451.62
ih,451.62,451.67
ng,451.67,451.83
w,451.88,451.95
eh,451.95,452.0
n,452.0,452.06
ih,452.06,452.07
t,452.07,452.12
k,452.12,452.19
ah,452.19,452.26
m,452.26,452.34
z,452.34,452.35
t,452.39,452.51
uw,452.51,452.83
dh,453.08,453.22
iy,453.22,453.59
k,453.65,453.73
aa,453.73,453.81
n,453.81,453.87
s,453.87,453.96
eh,453.96,454.01
p,454.01,454.06
t,454.06,454.07
ah,454.12,454.19
v,454.19,454.28
l,454.33,454.47
ih,454.47,454.53
p,454.53,454.6
r,454.6,454.66
iy,454.66,454.71
d,454.71,454.74
ih,454.74,454.75
ng,454.75,454.9
f,455.31,455.45
ao,455.45,455.5
r,455.5,455.56
ih,455.56,455.59
g,455.59,455.67
z,455.67,455.73
ae,455.73,455.84
m,455.84,455.91
p,455.91,455.99
ah,455.99,456.02
l,456.02,456.16
d,456.48,456.57
ow,456.57,456.64
n,456.64,456.73
s,456.75,456.87
t,456.87,456.96
ae,456.96,457.12
n,457.12,457.22
d,457.22,457.32
w,457.74,457.85
ih,457.85,457.92
dh,457.92,457.96
ah,457.96,458.02
l,458.02,458.1
ay,458.1,458.19
t,458.19,458.28
b,458.28,458.32
ih,458.32,458.4
hh,458.4,458.5
ay,458.5,458.6
n,458.6,458.62
d,458.62,458.73
y,458.73,458.81
uw,458.81,458.97
d,459.25,459.4
ow,459.4,459.45
n,459.45,459.54
t,459.54,459.61
ao,459.61,459.73
k,459.73,459.82
w,459.82,459.88
ih,459.88,459.91
th,459.91,459.97
y,459.97,460.05
ao,460.05,460.15
r,460.15,460.18
m,460.24,460.32
aw,460.32,460.4
th,460.4,460.47
f,460.47,460.62
uh,460.62,460.69
l,460.69,461.02
w,461.15,461.22
eh,461.22,461.25
l,461.25,461.3
y,461.3,461.32
uw,461.32,461.35
sh,461.35,461.39
uh,461.39,461.44
d,461.44,461.51
n,461.51,461.57
eh,461.57,461.64
v,461.64,461.71
er,461.71,461.75
t,461.75,461.83
ao,461.83,461.89
k,461.89,461.95
w,461.95,462.01
ih,462.01,462.02
th,462.02,462.09
y,462.09,462.12
uh,462.12,462.13
r,462.13,462.18
m,462.18,462.22
aw,462.22,462.23
th,462.23,462.24
f,462.4,462.47
uh,462.47,462.51
l,462.51,462.57
eh,462.62,462.7
n,462.7,462.77
iy,462.77,462.82
w,462.82,462.9
ey,462.9,462.96
z,462.96,463.06
d,463.39,463.49
ow,463.49,463.56
n,463.56,463.61
t,463.61,463.63
s,463.63,463.67
p,463.67,463.74
iy,463.74,463.81
k,463.81,463.88
t,463.88,463.98
uw,463.98,464.07
f,464.07,464.15
ae,464.15,464.27
s,464.27,464.38
t,464.38,464.42
d,464.66,464.74
ow,464.74,464.8
n,464.8,464.86
t,464.86,464.9
s,464.9,464.96
p,464.96,465.03
iy,465.03,465.1
k,465.1,465.19
t,465.19,465.31
uw,465.31,465.51
s,465.54,465.74
l,465.74,465.9
ow,465.9,465.97
l,465.97,466.1
iy,466.1,466.27
d,466.68,466.78
ow,466.78,466.86
n,466.86,466.93
t,466.93,466.98
t,466.99,467.1
ao,467.1,467.24
k,467.24,467.45
w,467.52,467.63
ih,467.63,467.69
th,467.69,467.73
y,467.74,467.82
uh,467.82,467.88
r,467.88,467.94
hh,467.94,468.06
ae,468.06,468.22
n,468.22,468.34
z,468.34,468.44
ow,468.52,468.65
v,468.65,468.75
er,468.75,468.85
y,468.88,468.94
uh,468.94,469.0
r,469.0,469.16
m,469.22,469.37
aw,469.37,469.45
th,469.45,469.64
m,469.92,470.02
ey,470.02,470.07
k,470.07,470.13
sh,470.13,470.2
uh,470.2,470.27
r,470.27,470.35
y,470.35,470.4
uw,470.4,470.53
f,470.54,470.78
ey,470.78,470.91
s,470.91,471.09
dh,471.15,471.25
ae,471.25,471.33
t,471.33,471.46
l,471.46,471.54
ih,471.54,471.61
p,471.61,471.67
r,471.71,471.81
iy,471.81,471.86
d,471.86,471.87
er,471.87,471.88
ih,472.5,472.57
n,472.57,472.63
ah,472.63,472.7
w,472.7,472.81
eh,472.81,472.92
l,472.92,473.0
l,473.01,473.11
ih,473.11,473.16
t,473.16,473.2
ih,473.24,473.32
n,473.32,473.41
v,473.41,473.5
ay,473.5,473.62
r,473.62,473.63
ah,473.63,473.65
n,473.65,473.7
m,473.7,473.71
ah,473.71,473.75
n,473.75,473.78
t,473.78,473.83
eh,473.86,473.95
z,473.95,473.97
w,473.97,474.07
eh,474.07,474.14
l,474.14,474.29
d,474.73,474.82
ow,474.82,474.89
n,474.89,474.94
t,474.94,474.98
g,474.98,475.02
ow,475.02,475.1
ih,475.1,475.13
n,475.13,475.17
t,475.17,475.23
uw,475.23,475.28
dh,475.28,475.34
ah,475.34,475.39
n,475.39,475.46
eh,475.46,475.52
k,475.52,475.59
s,475.59,475.72
r,475.72,475.8
uw,475.8,475.91
m,475.91,476.14
w,476.22,476.38
eh,476.38,476.5
n,476.5,476.79
y,476.87,476.98
uh,476.98,477.05
r,477.05,477.13
t,477.16,477.28
ao,477.28,477.4
k,477.4,477.48
ih,477.48,477.56
ng,477.56,477.71
hh,477.86,477.92
w,477.92,477.99
eh,477.99,478.05
r,478.05,478.11
p,478.13,478.19
aa,478.19,478.28
s,478.28,478.32
ah,478.32,478.4
b,478.4,478.42
ah,478.42,478.48
l,478.48,478.52
t,478.52,478.62
r,478.62,478.73
ay,478.73,478.81
n,478.81,478.9
aa,478.9,478.92
t,478.92,478.99
t,478.99,479.01
uw,479.01,479.1
s,479.1,479.21
p,479.21,479.29
iy,479.29,479.37
k,479.37,479.44
ih,479.47,479.58
n,479.58,479.68
ey,479.69,479.81
n,479.81,479.95
oy,479.95,480.11
z,480.11,480.2
iy,480.2,480.27
ih,480.27,480.33
n,480.33,480.38
v,480.38,480.47
ay,480.47,480.58
r,480.58,480.59
ah,480.59,480.62
n,480.62,480.67
m,480.67,480.68
ah,480.68,480.73
n,480.73,480.79
t,480.79,480.86
dh,481.44,481.45
ah,481.45,481.46
d,481.46,481.53
ey,481.53,481.75
ih,481.82,481.89
t,481.89,481.94
s,481.94,481.98
s,481.99,482.07
t,482.07,482.12
ih,482.12,482.17
l,482.17,482.27
t,482.27,482.33
r,482.33,482.37
ay,482.37,482.42
ng,482.42,482.46
t,482.46,482.53
uw,482.53,482.59
p,482.59,482.66
ih,482.66,482.74
k,482.74,482.79
ah,482.79,482.84
p,482.84,482.93
d,482.95,483.0
ih,483.0,483.07
f,483.07,483.15
r,483.15,483.16
ah,483.16,483.22
n,483.22,483.27
t,483.27,483.32
k,483.32,483.4
l,483.4,483.5
uw,483.5,483.62
z,483.62,483.75
b,484.1,484.11
ih,484.11,484.12
k,484.12,484.13
ah,484.13,484.16
z,484.16,484.19
n,484.32,484.36
aa,484.36,484.42
t,484.42,484.48
iy,484.48,484.65
z,484.65,484.73
iy,484.73,484.86
d,485.21,485.3
ow,485.3,485.4
n,485.4,485.47
t,485.47,485.52
ih,485.54,485.63
g,485.63,485.72
z,485.72,485.81
ae,485.81,485.92
jh,485.92,486.05
er,486.05,486.13
ey,486.13,486.18
t,486.18,486.27
y,486.27,486.33
ao,486.33,486.46
r,486.46,486.55
l,486.68,486.76
ih,486.76,486.82
p,486.82,486.9
s,486.9,487.13
m,487.27,487.5
uw,487.5,487.61
v,487.61,487.62
m,487.62,487.63
ah,487.63,487.64
n,487.64,487.65
t,487.65,487.66
d,489.13,489.21
ow,489.21,489.29
n,489.29,489.4
sh,489.4,489.54
aw,489.54,489.67
t,489.67,489.98
ah,490.51,490.63
n,490.63,490.72
d,490.72,490.77
d,490.78,490.86
ow,490.86,490.94
n,490.94,491.0
t,491.0,491.05
s,491.05,491.21
p,491.21,491.29
ih,491.29,491.33
t,491.33,491.61
d,492.06,492.18
ow,492.18,492.27
n,492.27,492.37
t,492.37,492.41
s,492.5,492.63
t,492.63,492.73
ae,492.73,492.85
n,492.85,492.93
d,492.93,493.01
t,493.04,493.18
uw,493.18,493.34
k,493.38,493.52
l,493.52,493.62
ow,493.62,493.72
s,493.72,493.87
t,493.92,494.01
uw,494.01,494.26
dh,494.36,494.45
ah,494.45,494.55
l,494.59,494.66
ih,494.66,494.73
p,494.73,494.79
r,494.98,494.99
iy,494.99,495.0
d,495.0,495.01
er,495.01,495.12
b,496.16,496.23
ih,496.23,496.34
r,496.34,496.45
d,496.45,496.53
z,496.53,496.66
aa,496.71,497.02
r,497.02,497.16
n,497.32,497.44
aa,497.44,497.5
t,497.5,497.57
s,497.57,497.64
ow,497.64,497.72
ah,498.59,498.67
n,498.67,498.69
d,498.69,498.77
f,498.77,498.84
ay,498.84,498.92
n,498.92,498.97
ah,498.97,498.98
l,498.98,499.03
iy,499.03,499.12
d,499.14,499.23
ow,499.23,499.31
n,499.31,499.36
t,499.36,499.41
b,499.41,499.45
iy,499.45,499.53
ah,499.53,499.57
f,499.57,499.68
eh,499.68,499.74
n,499.74,499.81
d,499.81,499.87
ih,499.87,499.94
d,499.94,500.01
ih,500.02,500.1
f,500.1,500.19
y,500.19,500.24
uw,500.24,500.32
aa,500.32,500.4
r,500.4,500.51
ae,500.59,500.76
s,500.76,500.9
k,500.9,500.92
t,500.92,500.93
t,501.0,501.11
uw,501.11,501.21
r,501.28,501.29
iy,501.29,501.34
p,501.34,501.45
iy,501.45,501.55
t,501.55,501.73
l,501.89,501.98
ay,501.98,502.03
k,502.03,502.11
ay,502.11,502.18
s,502.18,502.25
eh,502.25,502.35
d,502.35,502.49
l,502.7,502.78
ih,502.78,502.84
p,502.84,502.85
n,503.45,503.5
aa,503.5,503.57
t,503.57,503.58
ah,503.61,503.7
s,503.7,503.79
ah,503.79,503.86
l,503.86,503.93
uw,503.93,503.99
sh,503.99,504.06
ah,504.06,504.12
n,504.12,504.19
ih,504.19,504.25
t,504.25,504.3
s,504.3,504.36
p,504.36,504.46
aa,504.46,504.54
r,504.54,504.58
t,504.58,504.64
ah,504.64,504.71
v,504.71,504.82
m,505.0,505.09
eh,505.09,505.17
n,505.17,505.23
iy,505.23,505.38
m,505.54,505.62
eh,505.62,505.68
n,505.68,505.73
iy,505.73,505.85
k,505.94,506.07
l,506.07,506.14
uw,506.14,506.2
z,506.2,506.45
ah,506.79,506.86
n,506.86,506.92
d,506.92,506.96
d,506.96,507.0
ow,507.0,507.06
n,507.06,507.12
f,507.12,507.19
er,507.19,507.26
g,507.26,507.33
eh,507.33,507.4
t,507.4,507.44
dh,507.47,507.53
eh,507.53,507.57
r,507.57,507.58
aa,507.59,507.72
r,507.72,507.81
m,507.83,507.93
eh,507.93,508.0
n,508.0,508.05
iy,508.05,508.11
m,508.11,508.15
eh,508.15,508.2
n,508.2,508.27
iy,508.27,508.35
d,508.35,508.4
ih,508.4,508.47
f,508.47,508.5
r,508.5,508.51
ah,508.51,508.56
n,508.56,508.57
t,508.57,508.62
w,508.62,508.7
ey,508.7,508.8
z,508.8,508.87
ah,508.9,508.99
v,508.99,509.1
k,509.13,509.22
ah,509.22,509.28
m,509.28,509.31
y,509.31,509.34
uw,509.34,509.37
n,509.37,509.41
ah,509.41,509.47
k,509.47,509.57
ey,509.57,509.64
t,509.64,509.65
ih,509.65,509.7
ng,509.7,509.75
w,509.75,509.78
ih,509.78,509.82
th,509.82,509.89
p,509.89,509.91
iy,509.91,509.98
p,509.98,510.03
ah,510.03,510.05
l,510.05,510.11
hh,510.11,510.16
uw,510.16,510.21
aa,510.21,510.32
r,510.32,510.42
d,510.43,510.56
eh,510.56,510.64
f,510.64,510.77
ah,510.83,510.91
n,510.91,510.94
d,510.94,511.0
hh,511.0,511.03
aa,511.03,511.1
r,511.1,511.12
d,511.12,511.15
ah,511.15,511.18
v,511.18,511.26
hh,511.26,511.33
iy,511.33,511.41
r,511.41,511.48
ih,511.48,511.52
ng,511.52,511.65
ay,511.69,511.9
v,511.9,512.02
m,512.09,512.25
eh,512.25,512.31
n,512.31,512.36
sh,512.36,512.44
ah,512.44,512.5
n,512.5,512.58
d,512.58,512.59
dh,512.6,512.66
ae,512.66,512.74
t,512.74,512.82
y,512.82,512.86
uw,512.86,512.94
k,512.94,512.99
ah,512.99,513.05
n,513.05,513.13
ch,513.13,513.25
eh,513.25,513.32
k,513.32,513.35
ih,513.35,513.43
t,513.43,513.47
ih,513.62,513.68
n,513.68,513.72
dh,513.72,513.74
ah,513.74,513.77
d,513.77,513.82
ih,513.82,513.89
s,513.89,513.98
k,513.98,514.03
r,514.03,514.08
ih,514.08,514.11
p,514.11,514.21
sh,514.21,514.29
ah,514.29,514.38
n,514.38,514.52
y,514.68,514.77
uw,514.77,514.84
k,514.84,514.89
ah,514.89,514.95
n,514.95,515.01
f,515.01,515.09
ay,515.09,515.18
n,515.18,515.21
d,515.21,515.25
m,515.27,515.33
ao,515.33,515.38
r,515.38,515.43
ih,515.43,515.48
n,515.48,515.55
f,515.55,515.62
er,515.62,515.65
m,515.65,515.7
ey,515.7,515.76
sh,515.76,515.83
ah,515.83,515.9
n,515.9,515.99
dh,516.0,516.08
eh,516.08,516.19
r,516.19,516.31
ah,516.56,516.64
n,516.64,516.65
d,516.65,516.66
w,516.74,516.84
ay,516.84,516.93
l,516.93,516.94
dh,517.16,517.24
eh,517.24,517.36
r,517.36,517.49
ay,517.88,518.1
er,518.17,518.37
jh,518.37,518.38
y,518.42,518.5
uw,518.5,518.57
t,518.57,518.66
uw,518.66,518.74
l,518.74,518.78
uh,518.78,518.84
k,518.84,518.88
ae,518.88,518.95
t,518.95,519.0
dh,519.0,519.04
ih,519.04,519.09
s,519.09,519.18
v,519.18,519.33
ih,519.33,519.41
d,519.41,519.48
iy,519.48,519.58
ow,519.58,519.71
dh,519.74,519.83
ae,519.83,519.89
t,519.89,519.96
ao,520.13,520.2
l,520.2,520.31
s,520.31,520.39
ow,520.39,520.5
ih,520.54,520.66
m,520.66,520.77
b,520.77,520.82
eh,520.82,520.91
d,520.91,521.0
ih,521.07,521.16
n,521.16,521.23
dh,521.24,521.3
iy,521.3,521.43
p,521.5,521.63
ow,521.63,521.72
s,521.72,521.8
t,521.8,521.88
dh,522.39,522.52
ih,522.52,522.61
s,522.61,522.66
ih,522.66,522.74
z,522.74,522.82
ah,522.89,522.98
g,522.98,523.06
r,523.06,523.13
ey,523.13,523.18
t,523.18,523.24
v,523.24,523.31
ih,523.31,523.37
d,523.37,523.42
iy,523.42,523.47
ow,523.47,523.48
hh,523.48,523.49
w,523.49,523.58
eh,523.58,523.65
r,523.65,523.7
ih,523.71,523.72
t,523.72,523.8
w,523.8,523.81
ih,523.81,523.87
l,523.87,523.88
g,523.91,523.97
ih,523.97,524.03
v,524.03,524.08
y,524.08,524.09
uw,524.09,524.15
ah,524.15,524.16
n,524.16,524.22
ih,524.22,524.28
g,524.28,524.34
z,524.34,524.41
ae,524.41,524.5
m,524.5,524.58
p,524.58,524.64
ah,524.64,524.69
l,524.69,524.72
ah,524.73,524.88
v,524.88,525.01
hh,525.11,525.26
w,525.26,525.42
ah,525.42,525.47
t,525.47,525.5
ih,525.53,525.63
z,525.63,525.66
ih,525.66,525.73
t,525.73,525.81
l,525.81,525.85
ay,525.85,525.93
k,525.93,526.0
t,526.0,526.1
uw,526.1,526.18
l,526.18,526.25
ih,526.25,526.31
p,526.31,526.43
r,526.44,526.49
iy,526.49,526.6
d,526.6,526.68
ih,526.71,526.81
t,526.81,526.87
s,526.87,526.94
d,526.94,527.03
ah,527.03,527.12
n,527.12,527.32
v,527.68,527.87
eh,527.87,527.93
r,527.93,528.01
iy,528.01,528.05
v,528.05,528.14
eh,528.14,528.17
r,528.17,528.21
iy,528.21,528.25
w,528.25,528.32
eh,528.32,528.47
l,528.47,528.54
v,528.57,528.62
eh,528.62,528.65
r,528.65,528.73
iy,528.73,528.79
k,528.79,528.9
r,528.9,528.99
iy,528.99,529.05
ey,529.05,529.11
t,529.11,529.18
ih,529.18,529.25
v,529.25,529.32
f,529.41,529.65
er,529.65,529.73
dh,529.73,529.74
ah,529.74,529.8
m,529.8,529.93
ih,529.96,530.04
t,530.04,530.09
g,530.32,530.38
ih,530.38,530.45
v,530.45,530.47
z,530.47,530.5
y,530.5,530.53
uw,530.53,530.63
ah,530.63,530.68
n,530.68,530.75
ay,530.75,530.82
d,530.82,530.95
iy,530.95,531.07
ah,531.07,531.12
ah,531.12,531.22
v,531.22,531.32
w,531.37,531.56
ah,531.56,531.65
t,531.65,531.71
ih,531.76,531.84
z,531.84,531.9
ih,531.9,531.97
t,531.97,532.07
r,532.27,532.43
iy,532.43,532.52
l,532.52,532.61
iy,532.61,532.69
l,532.69,532.75
ay,532.75,532.83
k,532.83,532.92
t,532.92,533.01
uw,533.01,533.07
l,533.07,533.12
ih,533.12,533.17
p,533.17,533.22
r,533.26,533.34
iy,533.34,533.39
d,533.39,533.49
ih,533.75,533.83
t,533.83,533.89
g,533.89,533.9
ih,533.9,533.96
v,533.96,533.99
z,533.99,534.02
y,534.02,534.03
uw,534.03,534.09
ah,534.09,534.11
n,534.11,534.12
ih,534.12,534.13
g,534.13,534.19
z,534.19,534.25
ae,534.25,534.34
m,534.34,534.41
p,534.41,534.45
ah,534.45,534.47
l,534.47,534.6
p,534.6,534.65
iy,534.65,534.72
p,534.72,534.77
ah,534.77,534.78
l,534.78,534.85
s,534.86,534.93
p,534.93,535.02
iy,535.02,535.1
k,535.1,535.16
ih,535.16,535.23
ng,535.23,535.29
d,535.29,535.33
ih,535.33,535.39
f,535.39,535.45
r,535.45,535.46
ah,535.46,535.49
n,535.49,535.56
t,535.56,535.57
t,535.57,535.63
ay,535.63,535.7
p,535.7,535.71
s,535.71,535.75
ah,535.75,535.8
v,535.8,535.83
p,535.88,535.95
iy,535.95,536.04
p,536.04,536.14
ah,536.14,536.21
l,536.21,536.43
ah,536.83,537.04
n,537.04,537.22
d,537.22,537.29
ih,537.36,537.45
t,537.45,537.56
sh,537.58,537.8
ow,537.8,537.94
z,537.94,538.03
dh,538.04,538.11
ae,538.11,538.23
t,538.23,538.34
ih,538.45,538.57
t,538.57,538.65
s,538.65,538.69
n,538.73,538.93
aa,538.93,539.05
t,539.05,539.15
p,539.63,539.75
er,539.75,539.85
f,539.85,539.93
eh,539.93,539.98
k,539.98,540.03
t,540.03,540.06
ih,540.07,540.14
t,540.14,540.22
s,540.22,540.23
s,540.52,540.58
ah,540.58,540.65
l,540.65,540.73
uw,540.73,540.8
sh,540.8,540.89
ah,540.89,540.96
n,540.96,541.09
ih,541.37,541.45
t,541.45,541.52
s,541.52,541.63
ae,541.67,541.85
k,541.85,541.86
ch,541.86,541.96
l,541.96,542.04
iy,542.04,542.13
m,542.14,542.23
ao,542.23,542.31
r,542.31,542.36
d,542.36,542.45
ih,542.45,542.53
f,542.53,542.59
ah,542.59,542.68
k,542.68,542.7
ah,542.7,542.79
l,542.79,542.86
t,542.86,542.94
dh,543.09,543.16
ah,543.16,543.22
n,543.22,543.29
y,543.29,543.33
uw,543.33,543.43
th,543.44,543.51
ih,543.51,543.53
ng,543.53,543.61
k,543.61,543.67
ih,543.67,543.71
t,543.71,543.72
ih,543.72,543.95
z,543.95,544.05
ah,544.47,544.59
n,544.59,544.66
d,544.66,544.72
iy,544.75,544.86
v,544.86,544.92
ih,544.92,544.95
n,544.95,544.99
ih,544.99,545.05
f,545.05,545.08
y,545.08,545.11
uw,545.11,545.14
d,545.14,545.19
ow,545.19,545.21
n,545.21,545.26
w,545.26,545.27
aa,545.27,545.31
n,545.31,545.32
t,545.32,545.33
t,545.33,545.34
ah,545.34,545.35
w,545.38,545.49
aa,545.49,545.56
ch,545.56,545.57
ih,545.85,545.86
t,545.86,545.91
ao,546.14,546.2
l,546.2,546.21
y,546.38,546.39
uw,546.39,546.4
hh,546.42,546.5
ae,546.5,546.55
v,546.55,546.61
t,546.62,546.68
ih,546.68,546.73
d,546.73,546.77
uw,546.77,546.87
ih,546.88,546.89
z,546.89,546.9
jh,547.35,547.36
ih,547.36,547.37
s,547.37,547.38
t,547.38,547.39
l,547.43,547.48
uh,547.48,547.49
k,547.49,547.5
ae,547.67,547.68
t,547.68,547.69
ey,548.18,548.42
v,548.43,548.54
ih,548.54,548.62
d,548.62,548.66
iy,548.66,548.76
ow,548.76,548.78
w,548.8,548.9
aa,548.9,548.96
ch,548.96,549.11
ah,549.11,549.13
v,549.13,549.21
ih,549.21,549.26
d,549.26,549.31
iy,549.31,549.42
ow,549.42,549.58
t,549.83,549.9
er,549.9,550.01
n,550.01,550.03
dh,550.03,550.08
ah,550.08,550.14
s,550.14,550.23
aw,550.23,550.32
n,550.32,550.42
d,550.42,550.48
ao,550.48,550.61
f,550.61,550.69
ah,550.98,551.1
n,551.1,551.19
d,551.19,551.26
w,551.27,551.45
er,551.45,551.53
k,551.53,551.6
aw,551.6,551.61
t,551.61,551.62
hh,551.81,551.98
aw,551.98,552.06
m,552.06,552.13
eh,552.13,552.18
n,552.18,552.22
iy,552.22,552.3
w,552.3,552.45
er,552.45,552.52
d,552.52,552.58
z,552.58,552.66
k,552.66,552.74
ah,552.74,552.79
n,552.79,552.84
y,552.84,552.89
uw,552.89,552.91
p,552.93,553.01
ih,553.01,553.09
k,553.09,553.16
ah,553.16,553.22
p,553.22,553.32
jh,553.54,553.66
ah,553.66,553.74
s,553.74,553.81
t,553.81,553.87
b,553.88,554.04
ay,554.04,554.42
l,554.62,554.7
uh,554.7,554.76
k,554.76,554.8
ih,554.8,554.84
ng,554.84,554.88
ae,554.88,554.95
t,554.95,555.01
p,555.37,555.43
er,555.43,555.51
s,555.51,555.57
ah,555.57,555.63
n,555.63,555.73
z,555.73,555.8
l,555.82,555.93
ih,555.93,555.98
p,555.98,556.04
s,556.04,556.05
g,556.4,556.54
ih,556.54,556.6
v,556.6,556.64
ih,556.64,556.67
t,556.67,556.73
ah,556.73,556.78
sh,556.78,556.92
aa,556.92,557.02
t,557.02,557.09
y,557.28,557.37
uw,557.37,557.43
m,557.43,557.45
ay,557.45,557.56
t,557.56,557.64
b,557.64,557.69
iy,557.69,557.73
s,557.73,557.79
ah,557.79,557.84
p,557.84,557.9
r,557.9,557.99
ay,557.99,558.13
z,558.13,558.14
d,558.14,558.26
ao,558.36,558.51
n,558.51,558.75
hh,559.0,559.12
aw,559.12,559.22
l,559.24,559.34
ih,559.34,559.38
t,559.38,559.4
ah,559.4,559.41
l,559.41,559.42
dh,559.42,559.43
ae,559.43,559.44
t,559.44,559.45
y,560.0,560.06
uw,560.06,560.12
k,560.12,560.14
ah,560.14,560.2
n,560.2,560.27
p,560.27,560.35
ih,560.35,560.43
k,560.43,560.46
ah,560.46,560.47
p,560.47,560.48
ih,560.85,560.93
f,560.93,561.0
y,561.0,561.04
uw,561.04,561.1
hh,561.1,561.13
ae,561.13,561.19
v,561.19,561.28
eh,561.3,561.39
n,561.39,561.45
iy,561.45,561.49
ah,561.49,561.57
dh,561.57,561.64
er,561.64,561.7
k,561.7,561.75
w,561.75,561.78
eh,561.78,561.86
s,561.86,561.91
ch,561.91,561.95
ah,561.95,561.99
n,561.99,562.04
z,562.04,562.07
ah,562.08,562.12
b,562.12,562.16
aw,562.16,562.21
t,562.21,562.29
l,562.29,562.35
ih,562.35,562.41
p,562.41,562.46
r,562.46,562.55
iy,562.55,562.6
d,562.6,562.61
ih,562.61,562.62
ng,562.62,562.76
l,562.84,562.99
eh,562.99,563.06
t,563.06,563.11
m,563.12,563.2
iy,563.2,563.25
n,563.25,563.32
ow,563.32,563.47
ih,563.49,563.58
n,563.58,563.65
ah,563.65,563.73
k,563.74,563.87
aa,563.87,563.97
m,563.97,564.02
eh,564.02,564.1
n,564.1,564.14
t,564.14,564.2
b,564.21,564.28
ih,564.28,564.36
l,564.36,564.45
ow,564.45,564.56
b,564.56,564.61
ih,564.61,564.69
k,564.69,564.8
ao,564.8,564.92
z,564.92,564.94
ih,564.98,565.02
t,565.02,565.05
s,565.05,565.08
ih,565.08,565.15
m,565.15,565.24
p,565.24,565.36
ao,565.36,565.46
r,565.46,565.5
t,565.5,565.54
ah,565.54,565.56
n,565.56,565.62
t,565.62,565.67
dh,565.67,565.69
ae,565.69,565.75
t,565.75,565.81
w,565.81,565.86
iy,565.86,565.91
g,565.91,565.95
eh,565.95,566.01
t,566.01,566.07
dh,566.07,566.1
ah,566.1,566.11
ih,566.11,566.17
n,566.17,566.23
f,566.23,566.3
er,566.3,566.33
m,566.33,566.41
ey,566.41,566.45
sh,566.45,566.53
ah,566.53,566.55
n,566.55,566.62
aw,566.63,566.77
t,566.77,566.88
dh,566.88,566.93
eh,566.93,567.02
r,567.02,567.09
ih,567.14,567.23
z,567.23,567.31
k,567.41,567.54
er,567.54,567.72
eh,567.72,567.81
k,567.81,567.9
t,567.9,567.95
ah,568.21,568.33
n,568.33,568.42
d,568.42,568.44
ih,568.44,568.5
t,568.5,568.56
s,568.56,568.57
ih,568.57,568.65
m,568.65,568.71
p,568.71,568.8
ao,568.8,568.89
r,568.89,568.92
t,568.92,568.95
ah,568.95,568.97
n,568.97,569.02
t,569.02,569.03
dh,569.03,569.04
ah,569.04,569.05
t,569.05,569.06
dh,569.23,569.26
eh,569.26,569.31
r,569.31,569.36
aa,569.36,569.43
r,569.43,569.53
n,569.53,569.61
ow,569.61,569.72
ah,569.78,569.89
s,569.89,569.98
ah,569.98,570.07
m,570.07,570.09
p,570.09,570.17
sh,570.17,570.24
ah,570.24,570.32
n,570.32,570.4
z,570.4,570.6
ao,570.75,570.87
n,570.87,570.98
w,570.98,571.06
ah,571.06,571.11
t,571.11,571.17
ih,571.21,571.31
z,571.31,571.43
l,571.43,571.49
ih,571.49,571.55
p,571.55,571.62
r,571.77,571.78
iy,571.78,571.79
d,571.79,571.8
ih,571.8,571.84
ng,571.84,571.94
ih,572.0,572.08
t,572.08,572.12
s,572.12,572.16
t,572.57,572.6
uw,572.6,572.65
m,572.65,572.7
iy,572.7,572.75
t,572.75,572.83
uw,572.83,572.88
m,572.88,572.93
ey,572.93,572.99
k,572.99,573.03
sh,573.03,573.1
uh,573.1,573.13
r,573.13,573.2
dh,573.2,573.26
ah,573.26,573.32
t,573.32,573.51
y,573.62,573.78
uw,573.78,574.01
n,574.1,574.25
ow,574.25,574.38
ae,574.38,574.47
z,574.47,574.48
m,574.5,574.61
ah,574.61,574.67
ch,574.67,574.78
eh,574.82,574.89
z,574.89,574.95
p,575.02,575.11
aa,575.11,575.22
s,575.22,575.24
ah,575.24,575.32
b,575.32,575.33
ah,575.33,575.38
l,575.38,575.49
jh,575.71,575.81
ah,575.81,575.89
s,575.89,575.95
t,575.95,575.96
s,575.96,576.06
ow,576.06,576.16
dh,576.16,576.22
ae,576.22,576.29
t,576.29,576.37
w,576.38,576.47
iy,576.47,576.55
k,576.55,576.58
ah,576.58,576.65
n,576.65,576.7
ao,576.71,576.84
l,576.84,576.96
k,577.01,577.06
ah,577.06,577.12
m,577.12,577.14
y,577.14,577.15
uw,577.15,577.2
n,577.2,577.21
ah,577.21,577.26
k,577.26,577.35
ey,577.35,577.4
t,577.4,577.46
w,577.46,577.51
ih,577.51,577.55
th,577.55,577.61
iy,577.94,578.03
ch,578.03,578.13
ah,578.13,578.21
dh,578.21,578.29
er,578.29,578.35
ae,578.39,578.49
z,578.49,578.55
w,578.55,578.62
eh,578.62,578.69
l,578.69,578.8
s,578.81,578.93
ow,578.93,579.13
l,579.38,579.52
eh,579.52,579.59
t,579.59,579.63
m,579.63,579.68
iy,579.68,579.72
n,579.72,579.79
ow,579.79,579.82
ih,579.82,579.87
n,579.87,579.9
ah,579.9,579.97
k,579.98,580.09
aa,580.09,580.19
m,580.19,580.24
eh,580.24,580.33
n,580.33,580.38
t,580.38,580.45
ah,580.61,580.69
n,580.69,580.7
d,580.7,580.71
dh,580.97,581.03
eh,581.03,581.04
r,581.04,581.05
jh,581.41,581.47
ah,581.47,581.51
s,581.51,581.56
t,581.56,581.6
m,581.61,581.76
ey,581.76,581.85
k,581.85,581.94
sh,581.94,582.02
uh,582.02,582.07
r,582.07,582.15
y,582.15,582.19
uw,582.19,582.26
hh,582.26,582.31
ih,582.31,582.35
t,582.35,582.42
dh,582.42,582.44
ae,582.44,582.49
t,582.49,582.53
s,582.54,582.61
ah,582.61,582.64
b,582.64,582.71
s,582.71,582.77
k,582.77,582.82
r,582.82,582.85
ay,582.85,582.96
b,582.96,582.99
b,582.99,583.04
ah,583.04,583.13
t,583.13,583.15
ah,583.15,583.19
n,583.19,583.27
s,583.27,583.28
ow,583.28,583.29
y,583.8,583.87
uw,583.87,583.9
d,583.9,583.95
ow,583.95,583.98
n,583.98,584.03
t,584.03,584.06
m,584.06,584.13
ih,584.13,584.2
s,584.2,584.32
eh,584.39,584.52
n,584.52,584.6
iy,584.6,584.81
eh,584.95,585.03
p,585.03,585.11
ah,585.11,585.17
s,585.17,585.27
ow,585.27,585.41
d,585.41,585.51
ah,585.7,585.79
v,585.79,585.88
dh,585.88,585.89
ih,585.89,585.94
s,585.94,586.01
ah,586.01,586.06
m,586.06,586.15
ey,586.15,586.2
z,586.2,586.24
ih,586.24,586.27
ng,586.27,586.32
t,586.32,586.39
aa,586.39,586.48
p,586.48,586.57
ih,586.57,586.65
k,586.65,586.71
ah,586.72,586.73
v,586.73,586.74
d,587.23,587.31
eh,587.31,587.37
f,587.37,587.43
ah,587.43,587.51
w,587.51,587.58
eh,587.58,587.66
r,587.66,587.77
n,587.77,587.8
ah,587.8,587.87
s,587.87,587.95
ae,588.02,588.15
z,588.15,588.22
w,588.22,588.3
eh,588.3,588.38
l,588.38,588.52
ih,588.82,588.92
n,588.92,588.94
dh,588.94,588.95
iy,588.95,589.03
m,589.03,589.08
iy,589.08,589.14
n,589.14,589.18
t,589.18,589.28
ay,589.28,589.42
m,589.42,589.49
ay,589.53,589.6
hh,589.6,589.66
ow,589.66,589.71
p,589.71,589.77
t,589.77,589.79
ih,589.79,589.8
y,590.2,590.29
uw,590.29,590.42
ah,590.45,590.53
g,590.53,590.64
eh,590.64,590.74
n,590.74,590.91
s,590.94,591.08
uw,591.08,591.19
n,591.19,591.33
t,591.74,591.83
ey,591.83,591.92
k,591.92,591.93
k,591.93,592.0
eh,592.0,592.11
r,592.11,592.24
s,593.46,593.47
uw,593.47,593.48
dh,593.48,593.49
ih,593.49,593.5
ng,593.5,593.51
b,593.51,593.52
iy,593.52,593.53
t,593.53,593.54
m,593.54,593.55
y,593.55,593.56
uw,593.56,593.57
z,593.57,593.58
ih,593.58,593.59
k,593.59,593.6
