Phoneme,Start Frame,End Frame
ih,4,5
f,6,7
y,8,9
uw,10,12
n,13,14
ow,15,18
s,19,22
ah,23,23
m,24,26
w,27,26
ah,27,29
n,30,30
hh,31,32
uw,33,41
d,42,45
eh,46,47
f,48,50
ao,51,52
r,53,53
hh,54,54
aa,55,56
r,57,56
d,57,57
ah,58,58
v,59,60
hh,61,62
iy,63,64
r,65,66
ih,67,68
ng,69,71
y,72,74
uw,75,76
m,77,77
ey,78,79
hh,80,79
ae,80,79
v,80,81
hh,82,84
er,85,89
d,90,91
ah,93,94
v,95,97
dh,98,101
iy,102,106
w,109,114
er,115,116
d,117,118
l,121,124
ih,125,125
p,126,127
r,128,129
iy,130,131
d,132,132
ih,133,133
ng,134,135
ao,137,139
r,140,142
ae,171,174
z,174,174
ih,175,175
t,176,176
s,177,178
ao,180,183
l,184,185
s,186,188
ow,189,189
n,190,192
ow,193,194
n,195,196
ae,198,202
z,203,203
ae,219,222
n,223,227
d,228,230
ay,244,246
g,247,248
eh,249,250
t,251,251
dh,252,251
ah,252,252
f,253,254
iy,255,256
l,257,257
ih,258,258
ng,259,259
dh,260,260
ae,261,262
t,263,264
dh,264,264
eh,265,265
r,266,268
er,269,268
ah,273,275
v,276,278
ah,286,287
s,288,289
ah,290,291
m,292,291
p,292,293
sh,294,295
ah,296,297
n,298,299
z,300,301
ah,302,304
n,305,307
d,308,309
m,310,317
ih,318,318
th,319,320
s,321,323
aw,326,328
t,329,330
dh,331,331
eh,332,334
r,335,337
f,345,347
ao,348,351
r,352,354
dh,355,357
ow,358,360
z,361,361
hh,362,363
uw,364,365
aa,366,366
r,367,367
hh,368,369
iy,370,372
r,373,374
ih,375,375
ng,376,379
ah,389,392
n,393,394
d,395,397
dh,398,397
ey,398,404
aa,406,408
r,409,410
f,411,411
ah,412,413
m,414,414
ih,415,416
l,417,417
y,418,418
er,419,419
w,420,420
ih,421,422
th,423,424
l,427,428
ih,429,430
p,431,432
r,433,433
iy,434,435
d,436,436
ih,437,437
ng,438,440
b,448,449
ah,450,450
t,451,452
dh,453,455
ey,456,456
jh,457,458
ah,459,459
s,460,461
t,462,462
m,463,466
ey,467,468
k,469,470
ah,471,471
s,472,472
ah,473,474
m,475,474
p,475,476
sh,477,477
ah,478,479
n,480,480
ah,482,483
v,484,487
hh,489,490
w,491,492
ah,493,493
t,494,495
ih,496,496
t,497,498
k,498,498
ah,499,500
n,501,502
d,503,504
uw,505,509
w,510,511
ah,512,513
t,514,513
ih,514,513
t,514,513
ah,527,528
n,529,528
d,529,530
hh,531,533
aw,534,536
ih,537,539
t,540,541
hh,553,555
eh,556,556
l,557,557
p,558,559
s,560,559
p,561,561
iy,562,563
p,564,565
ah,566,566
l,567,568
hh,569,570
aw,570,573
ih,575,575
t,576,575
ah,576,576
f,577,578
eh,579,579
k,580,580
t,581,581
s,582,582
p,583,583
iy,584,585
p,586,587
ah,588,588
l,589,591
s,596,598
ow,599,600
ay,601,602
w,603,605
ao,606,606
n,607,607
t,608,609
t,610,610
uw,611,612
t,615,616
ey,617,618
k,619,620
dh,621,620
ih,621,622
s,623,624
aa,626,628
p,629,630
er,631,632
t,633,634
uw,635,636
n,637,638
ah,639,639
t,640,639
iy,640,639
t,641,641
uw,642,644
jh,670,669
ih,670,669
s,670,669
t,670,671
l,679,679
eh,680,679
t,680,680
ih,685,684
t,685,685
aw,686,689
t,690,692
dh,693,692
eh,693,696
r,697,699
t,704,705
ao,706,707
k,708,708
ah,709,710
b,711,711
aw,712,712
t,713,712
m,714,715
ay,716,717
ow,718,720
n,721,722
ih,723,723
k,724,724
s,725,727
p,728,729
ih,730,731
r,732,733
iy,734,733
ah,734,735
n,736,737
s,738,739
ih,740,743
z,744,749
t,751,753
ao,754,754
k,755,756
ah,757,757
b,758,758
aw,759,760
t,761,760
ao,762,763
l,764,765
dh,766,766
iy,767,768
z,769,770
m,772,776
ih,777,778
th,779,780
s,781,781
ah,785,786
n,786,787
d,788,787
ah,788,789
s,790,791
ah,792,792
m,793,793
p,794,795
sh,796,796
ah,797,798
n,798,799
z,800,801
ah,819,820
n,821,820
d,821,821
ay,822,821
w,822,822
ao,823,824
n,825,825
t,826,826
t,837,836
ah,837,836
g,837,837
eh,838,838
t,839,840
r,841,843
ih,844,844
d,845,845
ah,846,847
v,848,849
ih,850,851
t,852,854
ah,863,864
n,865,865
d,866,866
t,873,875
uw,876,879
hh,881,882
eh,883,884
l,885,885
p,886,887
y,888,889
uw,890,892
ah,894,895
n,896,896
d,897,898
er,899,899
s,900,900
t,901,902
ae,903,904
n,905,904
d,905,906
ah,907,908
b,909,909
ih,910,911
t,912,912
m,913,914
ao,915,917
r,918,918
ah,920,921
b,922,922
aw,923,923
t,924,924
hh,928,927
w,928,933
ah,934,935
t,936,937
ih,941,943
z,944,945
l,947,950
ih,951,951
p,952,953
ah,968,969
n,970,969
d,970,972
w,973,976
ah,977,977
t,978,978
ih,980,982
z,983,984
l,985,987
ih,988,989
p,990,991
l,1000,1003
ay,1004,1006
k,1007,1008
f,1009,1011
ao,1012,1015
r,1016,1017
dh,1019,1021
ow,1022,1023
z,1024,1025
hh,1026,1026
uw,1027,1027
aa,1028,1029
r,1030,1030
d,1031,1034
eh,1035,1036
f,1037,1041
ae,1043,1044
n,1045,1045
d,1046,1046
hh,1048,1048
aa,1049,1050
r,1050,1050
d,1051,1051
ah,1052,1052
v,1053,1054
hh,1055,1055
iy,1056,1057
r,1058,1058
ih,1059,1059
ng,1060,1062
ay,1072,1074
w,1075,1076
ao,1077,1077
n,1078,1077
t,1078,1078
t,1080,1080
ih,1080,1080
t,1081,1082
ao,1083,1083
k,1084,1085
ah,1086,1086
b,1087,1087
aw,1088,1088
t,1089,1089
m,1090,1091
ay,1092,1093
ow,1094,1096
n,1097,1098
ih,1098,1098
k,1099,1100
s,1101,1103
p,1104,1105
ih,1106,1108
r,1109,1109
iy,1110,1111
ah,1112,1111
n,1112,1112
s,1113,1112
ih,1113,1112
z,1113,1118
ah,1120,1121
v,1122,1123
l,1124,1124
ih,1125,1125
p,1126,1128
r,1129,1129
iy,1130,1130
d,1131,1131
ih,1132,1131
ng,1132,1133
b,1134,1134
ih,1135,1135
k,1136,1137
ao,1138,1139
z,1140,1142
ae,1145,1147
z,1148,1150
ao,1151,1151
l,1152,1152
w,1153,1155
iy,1156,1157
z,1158,1158
eh,1164,1166
v,1167,1168
r,1169,1168
iy,1169,1169
w,1170,1170
ah,1171,1171
n,1172,1172
z,1173,1173
ih,1174,1174
k,1175,1176
s,1177,1178
p,1179,1179
ih,1180,1183
r,1184,1184
iy,1185,1184
ah,1185,1185
n,1186,1185
s,1186,1186
ih,1188,1192
z,1193,1194
ah,1196,1197
b,1198,1198
ih,1199,1199
t,1200,1200
d,1201,1201
ih,1202,1204
f,1205,1205
r,1206,1206
ah,1206,1207
n,1208,1209
t,1210,1211
b,1217,1218
ah,1219,1220
t,1221,1222
b,1224,1225
ih,1226,1227
f,1228,1229
ao,1230,1230
r,1231,1231
w,1232,1232
iy,1233,1233
d,1234,1235
uw,1236,1237
dh,1238,1239
ae,1240,1241
t,1242,1242
ay,1244,1246
t,1255,1255
uw,1256,1257
k,1258,1259
l,1260,1261
eh,1262,1261
r,1262,1263
ah,1264,1264
f,1265,1266
ay,1267,1272
w,1276,1280
ah,1281,1282
n,1283,1284
th,1285,1286
ih,1287,1288
ng,1289,1292
w,1301,1305
ih,1306,1307
ch,1308,1310
ih,1311,1313
z,1314,1316
n,1320,1324
aa,1325,1326
t,1327,1329
ao,1331,1335
l,1336,1338
d,1338,1341
eh,1342,1344
f,1344,1349
ao,1352,1354
r,1355,1355
hh,1356,1356
aa,1357,1358
r,1359,1359
d,1360,1359
ah,1360,1360
v,1361,1362
hh,1363,1363
iy,1364,1364
r,1365,1365
ih,1366,1366
ng,1367,1367
p,1368,1368
iy,1369,1370
p,1371,1371
ah,1372,1372
l,1373,1375
k,1381,1383
ae,1384,1385
n,1386,1388
l,1390,1392
ih,1393,1393
p,1394,1395
r,1396,1397
iy,1398,1399
d,1400,1401
eh,1413,1415
v,1416,1417
r,1418,1417
iy,1418,1419
w,1420,1419
ah,1420,1421
n,1422,1422
ih,1423,1424
z,1425,1425
d,1426,1427
ih,1428,1429
f,1430,1431
r,1432,1431
ah,1432,1434
n,1434,1435
t,1436,1437
ah,1442,1444
n,1445,1445
d,1446,1445
ih,1446,1446
t,1447,1447
s,1448,1450
k,1456,1458
ay,1459,1460
n,1461,1461
d,1462,1462
ah,1463,1463
v,1464,1466
l,1467,1466
ay,1467,1468
k,1469,1470
ey,1471,1474
s,1475,1477
k,1478,1479
ih,1480,1481
l,1482,1483
t,1484,1485
uw,1486,1487
l,1488,1490
er,1491,1493
n,1494,1494
b,1495,1496
ah,1497,1497
t,1498,1497
ih,1498,1498
t,1499,1499
s,1500,1500
ao,1502,1504
l,1505,1506
s,1507,1508
ow,1509,1509
d,1510,1511
ih,1512,1512
p,1513,1514
eh,1515,1515
n,1516,1517
d,1518,1518
ah,1519,1520
n,1521,1521
t,1522,1523
m,1530,1534
eh,1535,1535
n,1536,1537
iy,1538,1540
ah,1542,1544
dh,1545,1545
er,1546,1549
f,1551,1552
ae,1553,1554
k,1555,1556
t,1557,1559
er,1560,1560
z,1561,1563
s,1577,1578
ow,1579,1579
t,1580,1581
ey,1582,1583
k,1584,1584
f,1585,1586
er,1587,1588
ih,1589,1589
g,1590,1590
z,1590,1591
ae,1592,1592
m,1593,1594
p,1595,1595
ah,1596,1596
l,1596,1596
m,1599,1600
ay,1601,1601
ow,1602,1604
n,1605,1605
ih,1606,1607
k,1608,1608
s,1609,1610
p,1611,1611
ih,1612,1614
r,1614,1614
iy,1615,1615
ah,1616,1615
n,1616,1618
s,1619,1619
ih,1620,1620
z,1621,1622
ah,1624,1626
n,1626,1628
d,1629,1629
p,1631,1631
iy,1632,1632
p,1633,1633
ah,1634,1634
l,1635,1636
hh,1637,1637
ae,1638,1638
v,1639,1640
ae,1641,1644
s,1644,1644
t,1645,1646
m,1647,1648
iy,1649,1652
hh,1653,1655
aw,1656,1657
d,1659,1659
ih,1660,1660
d,1661,1662
y,1663,1663
uw,1664,1666
l,1667,1669
er,1670,1671
n,1672,1674
l,1675,1676
ih,1677,1677
p,1678,1679
r,1680,1680
iy,1681,1682
d,1683,1682
ih,1683,1683
ng,1684,1686
ah,1692,1694
n,1695,1694
d,1695,1694
hh,1701,1704
aw,1704,1706
y,1709,1709
uw,1710,1712
d,1713,1714
uw,1715,1716
ih,1717,1717
t,1718,1722
ay,1740,1742
d,1743,1743
ow,1744,1744
n,1745,1745
hh,1746,1747
ae,1748,1748
v,1749,1750
ah,1751,1750
n,1751,1751
ae,1752,1752
n,1753,1754
s,1755,1755
er,1756,1757
f,1758,1758
er,1759,1760
dh,1761,1760
ah,1761,1760
t,1761,1761
ih,1766,1768
t,1769,1770
jh,1772,1773
ah,1774,1775
s,1776,1776
t,1777,1776
k,1779,1782
ey,1783,1784
m,1785,1786
t,1787,1787
ih,1788,1788
m,1790,1791
iy,1792,1793
ay,1795,1796
d,1797,1797
ih,1798,1799
n,1800,1802
t,1803,1803
d,1805,1805
ih,1806,1807
l,1808,1810
ih,1811,1811
b,1812,1812
er,1813,1815
ah,1816,1815
t,1816,1816
l,1817,1818
iy,1819,1821
l,1828,1830
er,1831,1832
n,1833,1834
t,1835,1836
uw,1837,1837
d,1838,1838
uw,1839,1840
ih,1841,1841
t,1842,1843
jh,1846,1848
ah,1849,1849
s,1850,1850
t,1851,1851
k,1852,1853
ey,1854,1855
m,1856,1859
n,1860,1861
ae,1862,1864
ch,1865,1868
er,1869,1870
ah,1871,1871
l,1872,1873
iy,1874,1877
f,1881,1884
ao,1885,1886
r,1887,1888
m,1889,1890
iy,1890,1891
b,1892,1892
ih,1893,1893
k,1894,1894
ao,1895,1895
z,1896,1897
ay,1899,1902
g,1903,1905
r,1906,1906
uw,1907,1908
ah,1909,1909
p,1910,1911
ih,1919,1922
n,1923,1925
ey,1927,1929
hh,1931,1932
iy,1933,1934
r,1935,1935
ih,1936,1936
ng,1937,1938
w,1938,1940
er,1941,1941
l,1942,1942
d,1943,1943
ay,1944,1948
g,1949,1950
r,1951,1952
uw,1953,1953
ah,1954,1954
p,1955,1956
ih,1962,1963
n,1964,1964
ah,1965,1966
hh,1967,1967
iy,1968,1969
r,1970,1971
ih,1972,1971
ng,1972,1973
f,1974,1975
ae,1976,1978
m,1979,1980
l,1981,1981
iy,1982,1984
ay,1991,1995
w,1996,1996
eh,1997,1997
n,1998,1998
t,1999,1999
t,2000,2001
uw,2002,2004
m,2006,2009
ey,2010,2011
n,2012,2013
s,2014,2015
t,2016,2016
r,2017,2019
iy,2020,2021
m,2022,2023
s,2024,2025
k,2026,2027
uw,2028,2029
l,2030,2033
m,2034,2036
ey,2037,2038
n,2039,2039
s,2040,2041
t,2042,2042
r,2043,2043
iy,2044,2045
m,2046,2046
y,2047,2046
uw,2047,2048
n,2049,2048
ah,2049,2050
v,2051,2051
er,2052,2054
s,2055,2055
ah,2056,2057
t,2058,2058
iy,2059,2064
ah,2072,2074
n,2075,2076
d,2077,2077
b,2078,2079
iy,2080,2080
ih,2081,2081
ng,2082,2083
s,2084,2085
er,2086,2087
aw,2088,2088
n,2089,2089
d,2090,2090
ih,2091,2091
d,2092,2092
b,2093,2093
ay,2094,2097
hh,2100,2102
iy,2103,2104
r,2105,2106
ih,2107,2106
ng,2107,2108
p,2109,2109
iy,2110,2111
p,2112,2112
ah,2113,2113
l,2114,2116
ae,2118,2119
t,2120,2122
m,2123,2123
ay,2124,2126
jh,2127,2130
aa,2131,2133
b,2134,2135
z,2136,2138
dh,2151,2153
ae,2154,2156
t,2157,2157
s,2158,2157
jh,2159,2159
ah,2160,2161
s,2162,2162
t,2163,2163
dh,2164,2164
ah,2165,2165
w,2166,2167
ey,2168,2170
ay,2171,2172
v,2173,2174
b,2175,2176
ih,2177,2178
n,2179,2180
l,2181,2181
ih,2182,2182
v,2183,2184
ih,2184,2184
ng,2185,2185
m,2186,2187
ay,2188,2189
l,2190,2191
ay,2192,2194
f,2195,2195
ah,2197,2199
n,2200,2201
d,2202,2202
b,2203,2204
ih,2205,2205
k,2206,2207
ao,2208,2208
z,2209,2210
ah,2211,2212
v,2213,2213
ay,2225,2229
n,2230,2233
ae,2234,2236
ch,2237,2240
r,2241,2241
ah,2242,2242
l,2243,2245
iy,2246,2249
t,2261,2261
ah,2262,2261
ah,2262,2264
jh,2265,2268
ah,2269,2271
s,2272,2273
t,2274,2274
dh,2282,2283
ah,2284,2285
w,2286,2288
ey,2289,2292
ay,2294,2296
k,2297,2298
ah,2299,2300
m,2301,2300
y,2301,2301
uw,2302,2301
n,2302,2302
ah,2303,2303
k,2304,2305
ey,2306,2306
t,2307,2308
w,2309,2308
ih,2309,2308
th,2309,2309
p,2310,2311
iy,2312,2312
p,2313,2314
ah,2315,2315
l,2316,2317
ah,2319,2320
n,2321,2321
d,2322,2323
t,2324,2325
uw,2326,2327
hh,2328,2330
iy,2331,2332
r,2333,2334
p,2336,2335
iy,2336,2337
p,2338,2339
ah,2340,2340
l,2341,2343
b,2352,2353
ay,2354,2361
f,2363,2364
ow,2365,2366
k,2367,2368
ah,2369,2369
s,2370,2370
ih,2371,2371
ng,2372,2374
ao,2375,2377
n,2378,2382
dh,2383,2384
eh,2385,2386
r,2387,2389
b,2391,2392
aa,2393,2393
d,2394,2395
iy,2396,2395
l,2400,2399
ae,2400,2399
ng,2400,2400
g,2401,2401
w,2402,2401
ah,2402,2403
jh,2404,2404
dh,2406,2406
eh,2407,2407
r,2408,2409
l,2410,2412
ih,2413,2413
p,2414,2416
s,2417,2422
dh,2425,2428
eh,2429,2431
r,2432,2434
jh,2441,2443
eh,2444,2445
s,2446,2447
ch,2448,2450
er,2451,2450
dh,2451,2450
eh,2451,2450
r,2451,2453
f,2458,2460
ey,2461,2462
sh,2463,2464
ah,2465,2465
l,2466,2465
ih,2466,2467
k,2468,2467
s,2468,2469
p,2470,2470
r,2471,2471
eh,2472,2472
sh,2473,2474
ah,2475,2476
n,2477,2477
z,2478,2479
ao,2482,2484
l,2485,2487
dh,2488,2488
iy,2489,2490
z,2491,2492
th,2493,2494
ih,2495,2495
ng,2496,2498
z,2499,2500
dh,2507,2508
ey,2509,2510
jh,2511,2511
ah,2512,2512
s,2513,2513
t,2514,2514
k,2515,2517
ey,2518,2519
m,2520,2524
n,2525,2526
ae,2527,2529
ch,2530,2533
er,2534,2533
ah,2534,2533
l,2534,2538
iy,2538,2539
t,2540,2542
uw,2543,2543
m,2544,2545
iy,2546,2548
ah,2561,2562
n,2563,2563
d,2564,2564
aa,2565,2564
n,2565,2566
t,2568,2568
aa,2568,2569
p,2570,2570
ah,2571,2571
v,2572,2573
ay,2579,2581
d,2582,2583
ih,2584,2585
d,2586,2587
hh,2588,2590
ae,2591,2593
v,2594,2596
ah,2606,2606
s,2607,2609
p,2610,2611
iy,2612,2612
ch,2613,2614
th,2615,2616
eh,2617,2616
r,2617,2619
ah,2620,2620
p,2621,2622
ih,2622,2623
s,2624,2624
t,2625,2625
ay,2626,2628
hh,2629,2629
ae,2630,2631
d,2632,2631
t,2633,2634
ih,2635,2635
g,2636,2636
ow,2637,2639
th,2640,2642
r,2643,2644
uw,2645,2645
dh,2646,2646
ae,2647,2649
t,2650,2652
p,2660,2661
r,2662,2662
ao,2663,2664
s,2665,2667
eh,2668,2669
s,2670,2671
w,2673,2675
ah,2676,2677
n,2678,2678
s,2679,2679
ah,2680,2682
w,2682,2683
iy,2684,2685
k,2686,2687
ah,2693,2695
n,2696,2695
d,2696,2697
ao,2698,2699
l,2700,2702
s,2703,2704
ow,2705,2709
aa,2711,2713
b,2714,2713
v,2714,2714
iy,2715,2715
ah,2716,2715
s,2716,2717
l,2718,2717
iy,2718,2719
g,2720,2721
ow,2722,2724
th,2724,2727
r,2728,2729
uw,2730,2731
eh,2750,2751
z,2752,2753
w,2754,2754
eh,2755,2757
l,2758,2759
ae,2760,2760
n,2761,2761
d,2762,2762
ay,2763,2764
r,2766,2765
ih,2766,2767
m,2768,2767
eh,2768,2769
m,2770,2770
b,2771,2771
er,2772,2773
d,2774,2774
w,2776,2778
ah,2779,2780
n,2781,2782
t,2783,2784
ay,2785,2789
m,2790,2791
er,2796,2798
m,2799,2799
eh,2800,2800
n,2801,2802
iy,2802,2802
t,2803,2804
ay,2805,2806
m,2807,2806
z,2807,2807
ae,2811,2810
k,2811,2811
ch,2812,2812
uw,2813,2813
ah,2814,2813
l,2814,2814
iy,2815,2818
ay,2833,2840
d,2841,2844
uw,2845,2846
dh,2847,2848
iy,2849,2850
z,2851,2852
t,2853,2855
eh,2856,2858
s,2859,2859
t,2860,2859
s,2860,2861
w,2862,2862
eh,2863,2865
r,2866,2866
n,2867,2868
aa,2869,2869
t,2870,2870
ow,2871,2872
n,2873,2873
l,2874,2874
iy,2875,2876
dh,2877,2878
ey,2879,2880
d,2881,2881
uw,2882,2884
dh,2885,2885
eh,2886,2887
r,2888,2889
s,2896,2899
aw,2900,2902
n,2903,2904
d,2905,2905
t,2906,2907
eh,2908,2910
s,2911,2910
t,2911,2911
s,2912,2912
w,2913,2913
eh,2914,2914
r,2915,2915
y,2916,2916
uw,2916,2917
p,2918,2918
uh,2919,2919
t,2920,2920
dh,2921,2921
ah,2922,2922
hh,2923,2924
eh,2925,2926
d,2927,2928
f,2929,2930
ow,2931,2932
n,2933,2933
z,2934,2935
ao,2936,2939
n,2940,2941
ah,2942,2943
n,2944,2945
d,2946,2947
hh,2960,2962
iy,2963,2964
r,2965,2966
dh,2967,2968
ah,2969,2969
b,2970,2971
iy,2972,2973
p,2974,2976
ae,2976,2977
n,2978,2977
d,2978,2978
y,2979,2979
uw,2980,2980
k,2981,2982
l,2983,2983
ih,2984,2984
k,2985,2986
y,2987,2987
uh,2988,2987
r,2988,2988
b,2989,2989
ah,2990,2991
t,2992,2992
ah,2993,2993
n,2994,2996
b,3004,3005
ah,3006,3006
t,3007,3008
dh,3009,3011
ey,3012,3013
ao,3014,3015
l,3016,3018
s,3019,3021
ow,3022,3023
l,3024,3024
ay,3025,3026
k,3027,3027
t,3028,3027
t,3029,3029
ih,3030,3030
d,3031,3031
uw,3032,3033
ah,3034,3033
n,3034,3035
ah,3036,3036
dh,3037,3038
er,3039,3040
th,3041,3041
ih,3042,3043
ng,3044,3046
w,3048,3050
eh,3051,3053
r,3054,3056
dh,3058,3059
ey,3060,3067
k,3074,3076
ah,3077,3078
v,3079,3080
er,3081,3082
dh,3083,3084
eh,3085,3085
r,3086,3086
m,3087,3086
aw,3087,3087
th,3088,3087
ae,3088,3087
n,3088,3088
d,3089,3088
dh,3103,3102
ey,3103,3107
r,3109,3112
iy,3113,3114
d,3115,3117
ey,3120,3124
w,3126,3129
er,3130,3132
d,3132,3133
ao,3135,3137
r,3138,3138
ah,3139,3140
s,3141,3143
eh,3144,3145
n,3146,3147
t,3148,3148
ah,3149,3150
n,3151,3152
s,3153,3153
ah,3161,3163
n,3164,3165
d,3166,3167
dh,3168,3168
ey,3168,3170
ae,3172,3175
s,3176,3177
k,3178,3179
m,3180,3181
iy,3182,3183
t,3184,3186
uw,3187,3193
jh,3198,3199
ah,3200,3201
s,3202,3202
t,3203,3203
t,3207,3208
eh,3209,3209
l,3210,3211
dh,3212,3212
ah,3213,3213
m,3214,3216
w,3217,3219
ah,3220,3220
t,3221,3222
d,3222,3223
ih,3224,3224
d,3225,3225
ay,3226,3227
hh,3228,3229
iy,3230,3233
r,3234,3236
ao,3242,3245
r,3246,3247
n,3250,3252
aa,3253,3254
t,3255,3255
hh,3256,3257
iy,3258,3259
r,3260,3261
ih,3263,3263
f,3264,3264
ay,3265,3266
k,3267,3267
ae,3268,3270
n,3271,3271
t,3272,3272
hh,3273,3273
iy,3274,3274
r,3275,3276
ae,3277,3277
t,3278,3279
ao,3280,3281
l,3282,3285
ay,3303,3302
hh,3303,3305
ey,3306,3306
t,3307,3307
ih,3308,3309
d,3310,3310
dh,3311,3310
ae,3311,3311
t,3312,3313
t,3314,3314
eh,3315,3317
s,3318,3317
t,3318,3318
b,3319,3320
ih,3321,3321
k,3322,3323
ao,3324,3325
z,3326,3331
ay,3339,3342
g,3343,3343
ih,3344,3344
t,3345,3345
ih,3346,3346
t,3347,3348
r,3349,3350
ao,3351,3353
ng,3354,3357
ah,3359,3361
l,3362,3363
ao,3364,3365
t,3366,3368
ae,3371,3373
n,3374,3379
d,3380,3380
ah,3390,3392
b,3393,3395
ih,3396,3397
t,3398,3400
ih,3406,3407
m,3408,3409
b,3410,3410
eh,3411,3411
r,3412,3412
ah,3413,3413
s,3414,3414
ih,3415,3415
ng,3416,3416
ae,3417,3418
t,3419,3419
t,3420,3421
ay,3422,3425
m,3426,3427
z,3428,3429
b,3430,3432
ah,3432,3434
t,3435,3436
ih,3451,3452
t,3453,3453
ih,3454,3455
z,3456,3456
w,3457,3458
ah,3459,3459
t,3460,3460
ih,3461,3466
t,3467,3468
ae,3470,3472
n,3473,3473
d,3474,3474
ay,3475,3478
r,3480,3479
ih,3480,3480
m,3481,3480
eh,3481,3481
m,3482,3482
b,3483,3483
er,3484,3485
d,3486,3486
uw,3487,3488
ih,3489,3489
ng,3490,3489
dh,3491,3491
ae,3492,3492
t,3493,3495
jh,3497,3498
ah,3498,3499
s,3500,3500
t,3501,3501
d,3502,3502
ih,3503,3504
n,3504,3506
t,3507,3507
l,3508,3509
ay,3510,3511
k,3512,3513
ih,3514,3514
t,3515,3516
b,3529,3530
ah,3531,3532
t,3533,3534
l,3535,3535
ay,3536,3537
k,3538,3539
ay,3540,3540
s,3541,3542
eh,3543,3545
d,3546,3547
n,3548,3550
aa,3551,3553
t,3554,3555
eh,3557,3559
v,3560,3561
r,3562,3561
iy,3562,3563
w,3564,3563
ah,3564,3564
n,3565,3566
k,3567,3567
ah,3568,3569
n,3570,3571
l,3572,3572
ih,3573,3574
p,3575,3576
r,3577,3578
iy,3579,3580
d,3581,3582
ih,3583,3585
t,3586,3587
k,3592,3594
ae,3594,3597
n,3598,3600
b,3601,3602
iy,3603,3605
ey,3607,3609
s,3610,3613
k,3614,3616
ih,3617,3619
l,3620,3622
t,3624,3625
uw,3626,3627
l,3628,3632
er,3633,3635
n,3636,3637
b,3644,3645
ah,3646,3646
t,3647,3648
ih,3649,3649
t,3650,3651
k,3652,3653
ae,3654,3656
n,3657,3659
ao,3662,3664
l,3665,3666
s,3667,3668
ow,3669,3670
k,3671,3672
ah,3672,3674
m,3675,3677
n,3678,3678
ae,3679,3681
ch,3682,3684
r,3685,3687
ah,3688,3688
l,3689,3690
iy,3691,3695
d,3698,3699
ih,3700,3700
p,3701,3702
eh,3703,3703
n,3704,3705
d,3706,3706
ih,3707,3707
ng,3708,3709
ao,3711,3714
n,3715,3717
y,3719,3720
ao,3721,3724
r,3725,3726
s,3726,3729
er,3730,3731
aw,3732,3733
n,3734,3735
d,3736,3736
ih,3737,3737
ng,3738,3738
ih,3739,3740
n,3741,3741
v,3742,3744
ay,3745,3746
r,3747,3746
ah,3747,3747
n,3748,3748
m,3749,3749
ah,3750,3750
n,3751,3751
t,3752,3752
ah,3757,3758
n,3759,3758
d,3759,3760
hh,3761,3762
aw,3763,3764
y,3765,3767
uw,3768,3769
g,3771,3772
r,3773,3773
uw,3774,3774
ah,3775,3777
p,3778,3780
ah,3789,3790
n,3791,3791
d,3792,3792
ih,3793,3793
t,3794,3794
d,3796,3798
ah,3799,3799
z,3800,3800
ah,3801,3802
n,3803,3803
t,3804,3804
m,3805,3806
ae,3807,3810
t,3811,3813
er,3814,3820
hh,3825,3828
aw,3829,3834
g,3838,3839
uh,3840,3841
d,3842,3842
y,3843,3843
uw,3844,3846
aa,3846,3848
r,3849,3850
ae,3852,3854
t,3855,3856
ah,3863,3865
n,3866,3868
d,3869,3871
hh,3872,3874
aw,3875,3876
l,3877,3877
ao,3878,3878
ng,3879,3880
y,3881,3881
uw,3882,3882
v,3883,3883
b,3884,3884
ih,3885,3885
n,3886,3888
d,3889,3890
uw,3891,3891
ih,3892,3893
ng,3894,3894
ih,3894,3896
t,3897,3897
ih,3905,3906
t,3907,3908
ih,3910,3911
z,3912,3914
p,3930,3931
r,3932,3933
aa,3934,3934
b,3935,3936
ah,3936,3937
b,3938,3938
l,3939,3939
iy,3940,3942
ao,3944,3946
l,3947,3948
m,3948,3949
ow,3950,3951
s,3952,3953
t,3954,3953
ih,3955,3957
m,3958,3959
p,3960,3960
aa,3961,3963
s,3964,3965
ah,3966,3967
b,3968,3967
ah,3968,3969
l,3970,3969
ih,3970,3971
f,3972,3973
n,3974,3974
aa,3975,3975
t,3976,3976
ih,3977,3978
m,3979,3980
p,3981,3982
aa,3983,3985
s,3986,3987
ah,3988,3989
b,3990,3990
ah,3991,3991
l,3992,3993
t,4001,4002
uw,4002,4003
g,4004,4005
eh,4006,4007
t,4008,4007
ih,4008,4008
t,4009,4011
r,4034,4036
ay,4037,4038
t,4039,4041
b,4055,4056
ih,4056,4057
k,4058,4059
ao,4060,4062
z,4062,4063
ih,4066,4067
t,4068,4068
s,4069,4069
jh,4070,4071
ah,4072,4073
s,4074,4074
t,4075,4075
n,4076,4076
aa,4077,4077
t,4078,4079
p,4080,4081
aa,4082,4083
s,4084,4084
ah,4085,4085
b,4086,4085
ah,4086,4086
l,4087,4087
t,4088,4088
ih,4089,4089
b,4091,4091
iy,4092,4093
ey,4094,4095
b,4096,4096
ah,4097,4097
l,4098,4098
t,4099,4099
ih,4100,4100
p,4101,4102
ih,4103,4104
k,4105,4106
ah,4107,4107
p,4108,4110
eh,4113,4116
v,4117,4119
r,4120,4121
iy,4122,4123
s,4124,4125
ih,4126,4126
ng,4127,4128
g,4129,4129
ah,4130,4131
l,4132,4132
w,4133,4135
er,4136,4137
d,4138,4140
jh,4146,4148
ah,4149,4150
s,4151,4152
t,4153,4153
b,4154,4156
ay,4157,4161
hh,4163,4164
ae,4165,4165
v,4166,4166
ih,4167,4168
ng,4169,4171
dh,4176,4178
iy,4179,4181
s,4182,4183
aw,4184,4186
n,4187,4187
d,4188,4188
ah,4204,4206
n,4207,4207
d,4208,4209
l,4210,4212
ih,4213,4214
p,4215,4216
r,4217,4218
iy,4219,4219
d,4220,4220
ih,4221,4221
ng,4222,4224
ow,4228,4230
n,4231,4233
l,4234,4234
iy,4235,4237
dh,4249,4252
ae,4253,4253
t,4254,4254
ih,4262,4261
z,4262,4262
ah,4263,4263
n,4264,4264
ah,4266,4268
s,4269,4268
hh,4285,4287
ae,4288,4289
v,4290,4290
b,4291,4291
ih,4292,4292
n,4293,4294
s,4295,4296
t,4297,4298
ah,4299,4300
d,4301,4302
iy,4303,4304
z,4305,4306
aw,4308,4311
t,4312,4313
dh,4314,4315
eh,4316,4318
r,4319,4322
w,4328,4331
eh,4332,4333
r,4334,4335
er,4338,4340
aw,4341,4342
n,4343,4344
ah,4409,4414
v,4415,4414
dh,4419,4422
iy,4423,4425
w,4426,4428
er,4429,4432
d,4433,4433
z,4434,4434
dh,4440,4442
ae,4443,4444
t,4445,4445
y,4446,4446
uw,4447,4448
k,4449,4450
ah,4451,4452
n,4453,4457
l,4468,4470
ih,4471,4472
p,4473,4473
r,4475,4475
iy,4476,4477
d,4478,4480
aa,4485,4487
r,4488,4488
p,4490,4490
ih,4491,4492
k,4493,4493
t,4494,4495
ah,4496,4497
p,4498,4500
ih,4506,4508
n,4509,4509
dh,4510,4510
iy,4511,4511
ih,4512,4513
ng,4514,4515
g,4516,4516
l,4517,4516
ih,4517,4518
sh,4518,4521
l,4522,4523
ae,4524,4524
ng,4525,4525
g,4526,4526
w,4527,4527
ih,4528,4528
jh,4529,4530
eh,4531,4532
n,4533,4534
iy,4535,4534
w,4535,4536
ey,4537,4538
ih,4539,4539
t,4540,4539
m,4542,4544
ay,4545,4546
t,4547,4547
b,4548,4548
iy,4549,4550
d,4551,4551
ih,4552,4552
f,4553,4553
r,4554,4554
ah,4554,4554
n,4555,4555
t,4556,4556
f,4557,4557
er,4558,4559
ah,4560,4561
dh,4562,4563
er,4564,4564
l,4565,4566
ae,4567,4567
ng,4568,4568
g,4569,4569
w,4570,4570
ih,4571,4571
jh,4572,4573
ih,4574,4573
z,4574,4575
b,4577,4578
ah,4579,4579
t,4580,4582
ih,4596,4597
f,4598,4598
y,4599,4599
uw,4600,4601
k,4602,4602
ah,4603,4603
n,4604,4604
ow,4605,4606
n,4607,4607
l,4608,4608
iy,4609,4610
p,4611,4611
ih,4612,4613
k,4614,4615
ah,4616,4616
p,4617,4618
ah,4640,4640
v,4641,4642
w,4643,4644
ah,4644,4645
t,4646,4646
dh,4647,4647
ae,4648,4648
t,4649,4649
p,4650,4651
er,4652,4653
s,4654,4655
ah,4656,4656
n,4656,4658
ih,4659,4659
z,4660,4662
s,4663,4665
ey,4666,4668
ih,4669,4670
ng,4671,4673
b,4688,4690
ay,4691,4693
l,4694,4695
ih,4696,4696
p,4697,4698
r,4699,4699
iy,4700,4700
d,4701,4701
ih,4702,4702
ng,4703,4702
ih,4712,4714
t,4715,4715
s,4716,4715
jh,4716,4718
ah,4719,4719
s,4720,4721
t,4722,4722
n,4728,4731
aa,4732,4736
t,4737,4737
ao,4742,4742
l,4743,4746
ih,4747,4749
t,4750,4751
s,4752,4756
n,4761,4764
ah,4764,4766
th,4767,4768
ih,4769,4769
ng,4770,4772
s,4782,4784
ow,4785,4786
dh,4787,4787
ae,4788,4788
t,4789,4789
s,4790,4790
w,4791,4792
ay,4793,4795
l,4796,4797
ih,4798,4798
p,4799,4800
r,4801,4802
iy,4803,4803
d,4804,4804
ih,4805,4804
ng,4805,4806
ih,4806,4807
z,4808,4809
ah,4824,4825
v,4826,4827
m,4828,4830
eh,4831,4832
n,4833,4833
iy,4834,4835
ah,4837,4838
dh,4839,4839
er,4840,4841
k,4842,4843
l,4844,4845
uw,4846,4848
z,4849,4849
ih,4850,4850
t,4851,4851
s,4852,4854
p,4856,4857
aa,4858,4858
r,4859,4859
t,4860,4860
ah,4861,4862
v,4863,4862
dh,4864,4864
ah,4865,4865
hh,4866,4867
ow,4868,4869
l,4870,4872
th,4872,4874
ih,4875,4877
ng,4878,4879
w,4884,4886
eh,4887,4888
n,4889,4890
ay,4891,4896
t,4897,4898
r,4899,4900
ay,4901,4902
t,4903,4904
uw,4905,4906
k,4907,4907
ah,4908,4909
m,4910,4909
y,4910,4910
uw,4911,4911
n,4912,4911
ah,4912,4912
k,4913,4914
ey,4915,4915
t,4916,4917
w,4918,4918
ih,4919,4919
dh,4920,4920
ah,4920,4920
n,4921,4920
ah,4921,4921
dh,4922,4923
er,4924,4924
p,4925,4926
er,4927,4929
s,4930,4932
ah,4932,4933
n,4934,4936
ih,4943,4944
t,4945,4945
s,4946,4947
p,4948,4948
aa,4949,4950
r,4951,4951
t,4952,4953
ah,4954,4956
v,4957,4958
dh,4959,4959
iy,4960,4961
hh,4962,4962
ow,4963,4963
l,4964,4966
ah,4967,4968
g,4969,4969
eh,4970,4971
n,4972,4973
f,4977,4979
ey,4980,4980
sh,4981,4982
ah,4983,4984
l,4985,4984
ih,4985,4985
k,4986,4987
s,4988,4987
p,4988,4988
r,4989,4989
eh,4990,4991
sh,4992,4993
ah,4994,4995
n,4996,4996
ae,4997,4997
n,4998,4998
d,4999,5000
jh,5001,5002
eh,5003,5004
s,5005,5006
ch,5007,5008
er,5009,5010
z,5011,5011
ah,5012,5012
n,5013,5013
d,5014,5015
b,5016,5016
aa,5017,5018
d,5019,5019
iy,5020,5021
l,5022,5022
ae,5023,5024
ng,5025,5025
g,5026,5026
w,5027,5027
ih,5028,5028
jh,5029,5030
dh,5035,5035
eh,5036,5036
r,5037,5038
t,5039,5041
ow,5042,5044
n,5045,5046
ah,5047,5047
v,5048,5049
v,5050,5052
oy,5052,5054
s,5055,5056
ah,5058,5057
n,5058,5057
d,5058,5059
hh,5060,5061
aw,5062,5064
dh,5066,5066
eh,5067,5067
r,5068,5068
s,5069,5070
p,5071,5072
iy,5073,5074
k,5075,5075
ih,5076,5077
ng,5078,5079
dh,5085,5086
ey,5087,5088
ao,5089,5093
l,5094,5095
g,5097,5098
ih,5099,5099
v,5100,5100
m,5101,5103
iy,5104,5106
k,5108,5110
l,5111,5113
uw,5114,5117
z,5118,5119
ah,5121,5122
v,5123,5124
w,5128,5130
ah,5131,5131
t,5132,5132
dh,5133,5133
ae,5134,5134
t,5135,5136
p,5137,5138
er,5139,5141
s,5142,5143
ah,5144,5143
n,5144,5147
ih,5149,5151
z,5152,5153
t,5154,5155
ao,5156,5158
k,5159,5160
ih,5160,5161
ng,5162,5162
ah,5163,5163
b,5164,5165
aw,5166,5166
t,5167,5169
ah,5177,5178
n,5178,5179
d,5180,5181
ih,5182,5181
t,5182,5182
s,5183,5182
r,5184,5186
iy,5187,5188
l,5189,5189
iy,5190,5190
r,5191,5191
iy,5192,5192
l,5193,5193
iy,5194,5193
ih,5194,5194
m,5195,5195
p,5196,5196
ao,5197,5198
r,5199,5198
t,5199,5200
ah,5201,5200
n,5201,5201
t,5202,5202
dh,5203,5202
ae,5203,5204
t,5205,5206
p,5209,5209
iy,5210,5210
p,5211,5212
ah,5213,5213
l,5214,5216
n,5220,5223
ow,5224,5225
dh,5226,5227
ae,5228,5229
t,5230,5231
b,5240,5241
ah,5242,5242
t,5243,5244
w,5245,5247
ah,5248,5248
n,5249,5250
th,5251,5250
ih,5251,5253
ng,5254,5253
dh,5254,5255
ae,5256,5256
t,5256,5257
y,5258,5257
uw,5258,5259
sh,5260,5261
uh,5262,5263
d,5264,5264
b,5265,5266
iy,5267,5268
ah,5269,5270
w,5271,5273
eh,5274,5276
r,5277,5278
ah,5279,5280
v,5281,5281
ah,5284,5285
n,5286,5285
d,5286,5286
ih,5286,5287
t,5288,5288
s,5289,5288
s,5291,5293
ow,5294,5294
ih,5295,5296
m,5297,5297
p,5298,5298
ao,5299,5300
r,5301,5301
t,5302,5302
ah,5303,5303
n,5304,5304
t,5305,5305
dh,5306,5306
ae,5307,5308
t,5309,5310
ih,5313,5314
t,5315,5316
s,5317,5318
ih,5320,5322
g,5322,5324
z,5325,5328
ao,5329,5331
s,5332,5333
t,5334,5335
ih,5336,5336
ng,5337,5338
t,5339,5340
uw,5341,5342
d,5343,5343
uw,5344,5347
ih,5348,5348
t,5349,5348
ao,5350,5353
l,5354,5354
dh,5355,5355
ah,5356,5357
t,5358,5360
ay,5361,5364
m,5365,5367
ih,5368,5369
t,5370,5370
s,5371,5372
s,5384,5387
ow,5388,5388
m,5389,5390
ah,5391,5391
ch,5392,5395
k,5400,5403
aa,5404,5404
n,5405,5405
s,5406,5406
ah,5407,5408
n,5409,5409
t,5410,5410
r,5411,5413
ey,5414,5415
sh,5416,5417
ah,5418,5419
n,5420,5420
y,5422,5422
uh,5423,5424
r,5425,5425
f,5426,5430
ow,5430,5431
k,5432,5434
ah,5435,5435
s,5436,5437
ih,5438,5439
ng,5440,5443
ao,5449,5451
n,5452,5452
w,5453,5454
ah,5455,5455
t,5456,5455
dh,5456,5456
ae,5457,5457
t,5458,5459
p,5460,5460
er,5461,5462
s,5463,5463
ah,5464,5465
n,5466,5468
ih,5469,5469
z,5470,5469
s,5470,5472
ey,5473,5477
ih,5478,5478
ng,5479,5482
ae,5492,5495
n,5496,5498
d,5499,5499
ih,5500,5501
t,5502,5502
s,5503,5503
ih,5504,5504
g,5505,5506
z,5507,5508
ao,5508,5509
s,5510,5510
t,5511,5511
ih,5512,5512
ng,5513,5514
ih,5517,5517
t,5518,5519
k,5520,5520
ae,5521,5523
n,5524,5524
b,5525,5526
iy,5527,5529
v,5530,5531
eh,5532,5532
r,5533,5533
iy,5534,5534
v,5535,5536
eh,5537,5536
r,5537,5538
iy,5539,5540
hh,5541,5542
aa,5543,5545
r,5546,5546
d,5547,5549
w,5554,5556
ih,5556,5557
ch,5558,5559
ih,5560,5561
z,5562,5563
w,5564,5566
ay,5567,5569
ih,5570,5572
t,5573,5573
s,5574,5574
ah,5575,5575
n,5576,5577
ah,5578,5579
dh,5580,5581
er,5582,5582
r,5583,5582
iy,5583,5585
z,5586,5586
ah,5587,5586
n,5587,5588
w,5589,5591
ay,5592,5598
y,5602,5604
uw,5605,5606
k,5607,5607
ah,5608,5609
n,5610,5611
ow,5612,5616
n,5617,5618
l,5619,5620
iy,5621,5623
d,5624,5626
uw,5627,5628
ih,5629,5630
t,5631,5633
hh,5638,5639
w,5640,5643
ah,5644,5645
n,5646,5646
ao,5647,5647
n,5648,5650
w,5651,5653
ah,5654,5655
n,5656,5658
m,5676,5678
iy,5679,5680
n,5681,5681
ih,5682,5682
ng,5683,5684
y,5686,5686
uw,5687,5687
k,5688,5688
ah,5689,5688
n,5689,5689
ow,5690,5691
n,5692,5691
l,5692,5691
iy,5692,5693
d,5694,5694
uw,5695,5695
ih,5696,5695
t,5696,5697
w,5698,5697
ih,5698,5698
th,5699,5700
w,5701,5703
ah,5704,5704
n,5705,5706
p,5707,5708
er,5709,5710
s,5711,5712
ah,5713,5714
n,5715,5717
w,5720,5721
ih,5722,5722
ch,5723,5723
m,5724,5725
ey,5726,5726
k,5727,5727
s,5728,5728
s,5729,5729
eh,5730,5731
n,5732,5733
s,5734,5736
y,5738,5739
uw,5740,5740
k,5741,5742
ae,5743,5746
n,5747,5747
t,5748,5749
l,5754,5755
uh,5756,5756
k,5757,5757
ae,5758,5760
t,5761,5764
t,5770,5772
uw,5772,5774
ao,5775,5776
r,5777,5778
m,5778,5779
ao,5780,5782
r,5783,5783
p,5784,5784
iy,5785,5786
p,5787,5788
ah,5789,5789
l,5790,5791
z,5792,5794
l,5801,5803
ih,5804,5804
p,5805,5806
s,5807,5810
ae,5817,5818
t,5819,5819
dh,5820,5820
ah,5821,5822
s,5823,5824
ey,5825,5826
m,5827,5828
t,5829,5830
ay,5831,5832
m,5833,5835
dh,5842,5843
ae,5844,5844
t,5845,5845
s,5846,5845
ih,5851,5853
m,5854,5855
p,5856,5856
aa,5857,5859
s,5860,5861
ah,5862,5862
b,5863,5863
ah,5864,5864
l,5865,5867
s,5875,5877
ow,5878,5883
ih,5886,5887
n,5888,5888
ah,5889,5891
g,5892,5894
r,5895,5895
uw,5896,5896
p,5897,5898
ih,5900,5901
n,5902,5903
v,5904,5904
ay,5905,5907
r,5908,5907
ah,5908,5909
n,5910,5910
m,5911,5910
ah,5911,5912
n,5913,5913
t,5914,5916
l,5921,5923
ih,5924,5924
p,5925,5926
r,5927,5927
iy,5928,5929
d,5930,5930
ih,5931,5931
ng,5932,5934
ih,5936,5944
z,5945,5947
p,5953,5953
r,5954,5955
ih,5956,5957
t,5958,5960
iy,5961,5964
m,5966,5967
ah,5968,5968
ch,5969,5970
ih,5971,5971
m,5972,5973
p,5974,5974
aa,5975,5976
s,5977,5977
ah,5978,5979
b,5980,5980
ah,5981,5981
l,5982,5983
hh,5993,5995
aw,5996,5997
eh,5998,5998
v,5999,6000
er,6001,6001
ay,6003,6004
d,6005,6007
uw,6008,6009
g,6010,6010
eh,6011,6011
t,6012,6013
dh,6014,6014
ah,6015,6016
f,6017,6019
iy,6020,6021
l,6022,6022
ih,6023,6023
ng,6024,6025
dh,6026,6026
ae,6027,6028
t,6029,6030
m,6031,6032
ey,6033,6034
b,6035,6035
iy,6036,6037
dh,6038,6039
ah,6040,6041
w,6042,6043
er,6044,6045
d,6046,6047
l,6048,6048
ih,6049,6049
p,6050,6052
r,6053,6054
iy,6055,6055
d,6056,6055
ih,6056,6058
ng,6059,6060
ih,6061,6066
z,6067,6069
ah,6072,6073
b,6074,6077
ih,6078,6078
t,6079,6080
m,6083,6086
ih,6087,6088
s,6089,6091
l,6092,6094
iy,6095,6096
d,6097,6097
ih,6098,6098
ng,6099,6100
b,6101,6101
ih,6102,6102
k,6103,6104
ao,6105,6105
z,6106,6107
p,6108,6109
iy,6110,6110
p,6111,6112
ah,6113,6113
l,6114,6115
ah,6117,6118
s,6119,6120
uw,6121,6122
m,6123,6124
dh,6125,6125
ae,6126,6127
t,6128,6130
y,6136,6136
uh,6137,6137
r,6138,6138
jh,6139,6140
ah,6141,6142
s,6143,6144
t,6145,6145
s,6146,6146
t,6147,6149
eh,6150,6151
r,6152,6152
ih,6153,6154
ng,6155,6155
ae,6157,6159
t,6160,6160
dh,6161,6162
ah,6163,6164
l,6165,6166
ih,6167,6168
p,6169,6170
s,6171,6172
ah,6175,6176
n,6177,6178
d,6179,6180
dh,6185,6184
ae,6185,6184
t,6185,6184
s,6185,6185
ih,6187,6189
t,6190,6192
ih,6199,6200
t,6201,6202
m,6203,6203
ay,6204,6205
t,6206,6207
b,6208,6208
iy,6209,6210
t,6211,6211
r,6212,6212
uw,6213,6212
f,6217,6217
er,6218,6219
s,6220,6221
ah,6222,6223
m,6224,6224
p,6225,6226
iy,6227,6228
p,6228,6229
ah,6230,6230
l,6231,6233
b,6234,6234
ah,6235,6235
t,6236,6236
f,6238,6240
er,6241,6243
m,6245,6246
iy,6247,6251
ay,6253,6257
s,6258,6261
w,6262,6262
ih,6263,6264
ch,6265,6270
b,6278,6279
ih,6280,6280
t,6281,6282
w,6283,6283
iy,6284,6285
n,6286,6290
l,6292,6293
uh,6294,6294
k,6295,6295
ih,6296,6296
ng,6297,6297
ae,6298,6298
t,6299,6299
dh,6300,6300
ah,6301,6301
l,6302,6302
ih,6303,6303
p,6304,6305
s,6306,6306
ah,6308,6309
n,6310,6312
d,6312,6313
ah,6315,6316
dh,6317,6318
er,6319,6322
p,6330,6331
aa,6332,6333
r,6334,6333
t,6334,6334
s,6335,6335
ah,6336,6339
v,6340,6342
dh,6343,6344
iy,6345,6348
p,6348,6350
er,6351,6352
s,6353,6354
ah,6355,6355
n,6356,6356
z,6357,6359
f,6360,6362
ey,6363,6364
s,6365,6366
b,6367,6367
ih,6368,6369
k,6370,6372
ao,6372,6374
z,6375,6377
s,6394,6396
ah,6397,6397
m,6398,6398
p,6399,6399
iy,6400,6400
p,6401,6401
ah,6402,6401
l,6402,6401
hh,6403,6404
ae,6405,6405
v,6406,6407
dh,6408,6407
ae,6408,6409
t,6410,6412
p,6414,6416
er,6417,6417
ih,6418,6419
f,6420,6421
er,6422,6421
ah,6422,6421
l,6422,6427
v,6430,6432
ih,6433,6434
zh,6435,6436
ah,6437,6438
n,6439,6440
w,6441,6442
eh,6443,6444
r,6444,6445
y,6446,6446
uw,6447,6448
s,6462,6467
iy,6468,6471
y,6472,6473
uh,6474,6474
r,6475,6476
l,6477,6478
ih,6479,6480
p,6480,6483
w,6488,6491
ay,6492,6494
l,6495,6496
l,6497,6498
uh,6499,6499
k,6500,6500
ih,6501,6501
ng,6502,6502
ae,6503,6504
t,6505,6506
dh,6507,6507
ae,6508,6508
t,6509,6511
p,6514,6515
er,6516,6517
s,6518,6519
ah,6520,6520
n,6521,6522
z,6523,6528
ay,6533,6540
z,6541,6543
ah,6555,6557
n,6558,6561
d,6562,6564
y,6576,6577
uh,6578,6578
r,6579,6580
ay,6582,6585
z,6586,6586
k,6587,6588
ah,6588,6589
n,6590,6594
s,6624,6627
ey,6628,6629
ah,6630,6630
l,6631,6631
ao,6632,6633
t,6634,6633
ah,6634,6633
v,6634,6635
th,6637,6638
ih,6639,6639
ng,6640,6640
z,6641,6640
ae,6642,6643
z,6644,6645
w,6646,6647
eh,6648,6649
l,6650,6652
b,6654,6655
ah,6656,6657
t,6658,6661
dh,6665,6666
ah,6666,6666
w,6667,6669
ey,6670,6671
ay,6672,6674
d,6675,6676
uw,6677,6678
ay,6685,6686
d,6687,6688
ow,6689,6689
n,6690,6691
jh,6692,6693
ah,6694,6694
s,6695,6696
t,6697,6697
ow,6700,6704
n,6705,6706
l,6707,6707
iy,6708,6710
s,6712,6719
t,6720,6721
eh,6722,6723
r,6724,6724
ae,6726,6727
t,6728,6729
dh,6730,6730
ah,6731,6731
l,6732,6732
ih,6733,6733
p,6734,6734
s,6735,6735
ay,6737,6740
g,6741,6742
ow,6743,6744
ah,6745,6745
p,6746,6747
ae,6748,6748
n,6749,6748
d,6749,6750
d,6751,6752
aw,6753,6756
n,6757,6758
ay,6760,6761
l,6763,6764
uh,6765,6765
k,6766,6766
ae,6767,6768
t,6769,6770
dh,6771,6771
eh,6772,6773
r,6774,6774
f,6775,6778
ey,6779,6780
s,6781,6782
ih,6783,6784
z,6785,6786
dh,6791,6791
eh,6792,6792
r,6793,6793
f,6794,6796
ey,6797,6797
sh,6798,6798
ah,6799,6799
l,6800,6801
ih,6802,6801
k,6802,6802
s,6803,6804
p,6805,6805
r,6806,6806
eh,6807,6807
sh,6808,6809
ah,6810,6810
n,6811,6811
z,6812,6811
ao,6813,6814
r,6815,6815
l,6816,6817
ih,6818,6819
s,6820,6821
ah,6822,6822
n,6823,6826
b,6827,6829
ah,6830,6830
t,6831,6833
ih,6846,6847
t,6848,6849
s,6850,6851
ao,6861,6863
l,6864,6866
s,6867,6868
ow,6869,6875
s,6877,6878
ah,6879,6879
m,6880,6880
th,6881,6882
ih,6883,6882
ng,6883,6884
dh,6885,6885
ae,6886,6887
t,6888,6890
y,6894,6895
uw,6896,6897
k,6898,6898
ah,6899,6900
n,6901,6903
s,6904,6907
iy,6908,6912
ao,6913,6915
l,6916,6917
m,6918,6918
ow,6919,6919
s,6920,6921
t,6922,6923
k,6932,6934
ao,6935,6936
r,6936,6937
n,6938,6937
er,6938,6939
ah,6940,6940
v,6941,6942
y,6943,6942
uh,6943,6944
r,6945,6945
ay,6948,6954
z,6955,6956
w,6966,6969
ay,6970,6972
l,6972,6972
y,6973,6975
uh,6976,6977
r,6978,6978
l,6979,6980
uh,6981,6981
k,6982,6982
ih,6983,6983
ng,6984,6985
ae,6987,6990
t,6990,6991
s,6993,6994
ah,6995,6995
m,6996,6996
th,6997,6998
ih,6999,6998
ng,6999,7000
eh,7002,7002
l,7003,7004
s,7005,7007
ao,7020,7021
n,7022,7022
dh,7023,7023
ae,7024,7024
t,7025,7026
p,7027,7027
er,7028,7029
s,7030,7029
ah,7030,7029
n,7030,7029
z,7030,7030
f,7035,7036
ey,7037,7038
s,7039,7039
s,7040,7041
ow,7042,7045
l,7058,7060
ih,7061,7062
p,7062,7063
r,7064,7065
iy,7066,7066
d,7067,7066
ih,7067,7067
ng,7068,7070
ih,7071,7073
z,7074,7075
k,7082,7084
er,7085,7087
eh,7088,7088
k,7089,7089
t,7090,7091
ih,7092,7093
n,7094,7094
dh,7095,7095
ae,7096,7096
t,7097,7098
t,7098,7100
er,7101,7103
m,7104,7104
b,7105,7106
ah,7107,7107
t,7108,7109
n,7114,7117
aa,7118,7119
t,7120,7120
ao,7127,7129
l,7130,7130
w,7131,7132
iy,7133,7133
z,7134,7134
k,7135,7137
er,7138,7138
eh,7139,7140
k,7141,7141
t,7142,7141
b,7142,7142
ih,7143,7143
k,7144,7145
ao,7146,7147
z,7148,7148
ay,7156,7158
d,7159,7159
ow,7160,7161
n,7162,7162
t,7163,7163
jh,7164,7165
ah,7166,7167
s,7168,7169
t,7170,7169
s,7172,7174
t,7175,7176
eh,7177,7178
r,7179,7180
ae,7182,7183
t,7184,7184
dh,7185,7185
ah,7186,7187
l,7188,7188
ih,7189,7189
p,7190,7191
s,7192,7193
b,7195,7196
ah,7197,7197
t,7198,7199
ah,7205,7206
g,7207,7208
eh,7209,7209
n,7210,7211
ih,7213,7214
t,7215,7214
s,7215,7214
d,7216,7217
ih,7218,7218
f,7219,7220
r,7221,7220
ah,7221,7221
n,7222,7222
t,7223,7223
f,7224,7225
ao,7226,7225
r,7226,7227
ah,7230,7231
dh,7232,7232
er,7233,7234
p,7235,7235
iy,7236,7237
p,7238,7239
ah,7240,7240
l,7241,7245
r,7251,7253
ah,7254,7255
g,7256,7256
aa,7257,7258
r,7259,7259
d,7260,7260
l,7261,7262
ah,7263,7263
s,7264,7264
ah,7265,7266
v,7266,7267
ao,7269,7273
l,7274,7276
dh,7277,7278
ae,7278,7280
t,7281,7282
w,7284,7288
ah,7289,7290
n,7290,7291
th,7292,7292
ih,7293,7294
ng,7295,7295
dh,7296,7297
ae,7298,7299
t,7300,7300
ay,7302,7304
sh,7305,7306
uh,7307,7308
d,7308,7309
ao,7310,7311
l,7312,7313
s,7314,7315
ow,7316,7317
s,7318,7321
ey,7322,7325
ah,7326,7327
n,7328,7328
d,7329,7328
ih,7329,7329
t,7330,7330
s,7331,7332
k,7334,7336
ay,7337,7338
n,7339,7338
d,7339,7339
ah,7340,7340
v,7341,7342
ah,7343,7344
n,7345,7347
oy,7348,7349
ih,7350,7350
ng,7350,7350
w,7351,7352
ih,7353,7352
n,7353,7352
th,7366,7368
ih,7368,7368
ng,7369,7370
k,7371,7371
dh,7372,7372
ae,7373,7374
t,7375,7377
ih,7385,7386
t,7387,7387
s,7388,7388
t,7391,7392
r,7393,7395
uw,7396,7398
ih,7401,7403
t,7404,7404
s,7405,7405
n,7407,7410
aa,7410,7413
t,7414,7414
ey,7417,7419
t,7420,7422
r,7423,7425
ih,7426,7427
k,7428,7431
ih,7435,7436
t,7437,7438
s,7439,7439
n,7440,7439
aa,7440,7440
t,7440,7440
ey,7446,7448
s,7449,7452
uw,7453,7454
p,7455,7456
er,7457,7457
hh,7458,7458
iy,7459,7459
r,7460,7461
ow,7462,7462
t,7463,7464
r,7465,7466
ih,7467,7468
k,7469,7470
ih,7477,7478
t,7479,7480
s,7481,7482
n,7483,7483
aa,7484,7485
t,7486,7486
s,7487,7487
ah,7488,7489
m,7490,7490
th,7491,7492
ih,7493,7492
ng,7493,7494
dh,7495,7496
ae,7497,7498
t,7499,7500
ay,7507,7510
k,7511,7512
ah,7513,7514
n,7515,7519
s,7524,7527
iy,7528,7529
f,7530,7530
r,7531,7531
ah,7532,7532
m,7533,7536
f,7539,7541
aa,7542,7542
r,7543,7544
ah,7545,7545
w,7546,7548
ey,7549,7554
p,7558,7558
iy,7559,7559
p,7560,7560
ah,7561,7561
l,7562,7562
th,7563,7564
ih,7565,7565
ng,7566,7566
k,7567,7566
dh,7568,7568
ae,7569,7570
t,7571,7572
ay,7572,7574
k,7575,7575
ah,7576,7577
n,7578,7579
r,7580,7581
iy,7582,7582
d,7583,7584
ah,7586,7587
dh,7588,7589
er,7590,7590
p,7591,7591
iy,7592,7592
p,7593,7594
ah,7595,7595
l,7596,7596
z,7597,7598
l,7599,7600
ih,7601,7601
p,7602,7603
s,7604,7603
f,7605,7606
er,7607,7608
m,7609,7612
ah,7614,7614
k,7615,7616
r,7617,7617
ao,7618,7619
s,7620,7620
dh,7621,7622
ah,7623,7624
r,7625,7625
uw,7626,7626
m,7627,7630
n,7639,7643
ow,7644,7647
n,7660,7663
ow,7664,7666
dh,7675,7676
ae,7677,7677
t,7678,7678
s,7679,7678
n,7680,7680
aa,7681,7682
t,7683,7682
hh,7683,7684
aw,7685,7686
ih,7687,7686
t,7687,7686
w,7687,7689
er,7690,7691
k,7692,7691
s,7692,7691
ih,7693,7694
t,7695,7696
d,7697,7697
ah,7698,7698
z,7699,7699
ah,7700,7700
n,7701,7702
w,7703,7703
er,7704,7704
k,7705,7706
l,7707,7707
ay,7708,7708
k,7709,7709
s,7723,7725
ow,7726,7730
jh,7745,7745
ah,7746,7747
s,7748,7749
t,7750,7749
b,7760,7761
eh,7762,7763
r,7764,7764
dh,7765,7765
ae,7766,7767
t,7768,7768
ih,7769,7769
n,7770,7769
m,7770,7771
ay,7772,7774
n,7775,7774
d,7775,7775
ih,7776,7778
t,7779,7779
s,7780,7782
n,7783,7782
aa,7783,7785
t,7786,7786
ey,7788,7794
t,7804,7806
r,7807,7808
ih,7809,7810
k,7811,7813
ao,7815,7817
r,7818,7819
p,7820,7821
aa,7822,7824
r,7824,7825
t,7826,7827
iy,7828,7829
t,7830,7831
r,7832,7832
ih,7833,7834
k,7835,7838
b,7852,7854
ah,7854,7855
t,7856,7856
l,7857,7858
ay,7859,7860
k,7860,7861
ay,7862,7863
s,7864,7864
eh,7865,7866
d,7867,7868
ih,7870,7871
t,7872,7872
s,7873,7874
p,7875,7876
aa,7877,7878
r,7879,7879
t,7880,7880
ah,7881,7882
v,7883,7884
m,7885,7886
eh,7887,7888
n,7889,7890
iy,7890,7892
k,7893,7895
l,7896,7897
uw,7898,7899
z,7900,7902
ah,7904,7905
n,7906,7906
d,7907,7906
ih,7907,7908
t,7908,7909
s,7910,7910
n,7912,7914
aa,7915,7917
t,7918,7920
s,7948,7949
ah,7950,7950
l,7951,7952
uw,7953,7954
sh,7955,7956
ah,7957,7958
n,7959,7960
ah,7975,7977
n,7978,7978
d,7979,7978
ah,7980,7981
b,7982,7982
ih,7983,7984
g,7985,7985
p,7986,7988
aa,7989,7991
r,7992,7992
t,7992,7992
ah,7993,7993
v,7994,7995
ih,7996,7997
t,7998,7998
ih,7999,8002
z,8003,8002
ah,8005,8006
b,8007,8007
aw,8008,8009
t,8010,8010
ah,8014,8015
n,8016,8017
d,8018,8017
er,8018,8018
s,8019,8020
t,8021,8022
ae,8023,8024
n,8025,8025
d,8026,8026
ih,8027,8027
ng,8028,8028
dh,8030,8030
ah,8031,8032
k,8033,8035
aa,8036,8038
n,8039,8040
t,8041,8042
eh,8043,8044
k,8045,8047
s,8048,8047
t,8048,8047
hh,8050,8050
w,8051,8053
ah,8054,8054
t,8055,8055
dh,8057,8057
ae,8058,8057
t,8058,8059
p,8060,8061
er,8062,8063
s,8064,8064
ah,8065,8065
n,8066,8066
z,8067,8067
t,8068,8070
ao,8070,8071
k,8072,8073
ih,8074,8074
ng,8075,8075
dh,8087,8088
ae,8089,8090
t,8091,8091
ao,8092,8094
l,8095,8097
s,8098,8099
ow,8100,8104
ae,8112,8115
d,8116,8117
z,8118,8119
t,8120,8122
uw,8123,8128
dh,8138,8140
iy,8141,8143
hh,8144,8144
ow,8145,8146
l,8147,8150
ah,8152,8153
n,8154,8154
d,8155,8155
er,8156,8157
s,8158,8158
t,8159,8160
ae,8161,8162
n,8163,8163
d,8164,8164
ih,8165,8165
ng,8166,8167
w,8168,8168
ah,8169,8169
t,8170,8170
dh,8171,8171
ae,8172,8171
t,8172,8172
p,8173,8174
er,8175,8175
s,8176,8177
ah,8178,8178
n,8179,8180
ih,8181,8180
z,8181,8181
s,8182,8185
ey,8186,8187
ih,8188,8188
ng,8189,8191
s,8202,8203
ow,8204,8205
f,8206,8207
ao,8208,8208
r,8208,8208
ih,8209,8208
g,8209,8210
z,8211,8211
ae,8212,8214
m,8215,8215
p,8216,8217
ah,8218,8218
l,8219,8221
ih,8223,8225
f,8226,8227
y,8228,8228
uw,8229,8231
er,8232,8236
r,8246,8248
iy,8249,8250
d,8251,8250
ih,8251,8252
ng,8253,8254
dh,8255,8255
ah,8256,8256
w,8257,8260
er,8261,8263
d,8264,8266
ao,8268,8269
n,8270,8272
dh,8273,8273
ae,8274,8274
t,8274,8275
p,8276,8277
er,8278,8278
s,8279,8280
ah,8281,8281
n,8282,8282
z,8283,8282
l,8283,8285
ih,8286,8287
p,8288,8289
s,8290,8294
p,8300,8302
eh,8303,8306
r,8307,8312
ah,8324,8325
n,8326,8327
d,8328,8329
b,8331,8335
eh,8336,8338
r,8339,8343
hh,8356,8357
w,8358,8360
eh,8361,8361
n,8362,8362
y,8363,8363
uh,8364,8364
r,8365,8365
l,8366,8365
uh,8366,8367
k,8368,8367
ih,8368,8369
ng,8370,8369
ae,8370,8371
t,8372,8372
dh,8373,8373
ae,8374,8374
t,8375,8376
p,8377,8377
er,8378,8379
s,8380,8381
ah,8382,8382
n,8383,8384
z,8385,8385
l,8387,8389
ih,8390,8391
p,8392,8393
s,8394,8393
ih,8396,8397
t,8398,8398
l,8400,8402
uh,8403,8403
k,8404,8404
s,8405,8405
ih,8407,8408
g,8409,8411
z,8412,8412
ae,8413,8415
k,8416,8416
t,8417,8417
l,8418,8417
iy,8418,8417
dh,8420,8421
ah,8422,8423
s,8424,8425
ey,8426,8428
m,8429,8431
p,8439,8441
eh,8442,8445
r,8446,8449
ah,8457,8459
n,8460,8461
d,8462,8461
b,8463,8464
eh,8465,8467
r,8468,8471
b,8483,8484
ah,8485,8484
t,8485,8486
w,8487,8487
ah,8488,8489
t,8490,8490
d,8492,8493
ah,8494,8496
z,8497,8498
hh,8500,8500
eh,8501,8501
l,8502,8502
p,8503,8504
t,8505,8507
uw,8508,8509
k,8510,8511
l,8512,8513
eh,8514,8513
r,8514,8515
ah,8516,8516
f,8517,8519
ay,8520,8520
hh,8521,8521
w,8522,8522
ah,8523,8523
t,8524,8525
dh,8526,8526
ae,8527,8526
t,8527,8528
p,8529,8529
er,8530,8531
s,8532,8533
ah,8534,8534
n,8535,8535
ih,8536,8537
z,8538,8538
s,8539,8541
ey,8542,8544
ih,8545,8545
ng,8546,8548
ih,8549,8553
z,8554,8558
ih,8562,8564
f,8565,8567
y,8568,8568
uw,8569,8570
k,8571,8571
ah,8572,8572
n,8573,8574
g,8575,8576
eh,8577,8577
t,8578,8578
ah,8594,8593
g,8594,8594
r,8595,8594
ae,8595,8594
s,8595,8594
p,8595,8595
ah,8597,8599
v,8600,8600
dh,8605,8606
iy,8607,8610
k,8612,8613
aa,8614,8616
n,8616,8618
t,8619,8620
eh,8621,8622
k,8623,8625
s,8626,8626
t,8627,8628
ah,8635,8637
v,8638,8639
dh,8641,8643
ae,8644,8645
t,8646,8647
k,8651,8652
aa,8653,8654
n,8655,8654
v,8655,8656
er,8657,8657
s,8658,8659
ey,8660,8662
sh,8663,8664
ah,8664,8665
n,8666,8667
s,8672,8673
ow,8674,8674
f,8675,8676
ao,8677,8677
r,8678,8677
ih,8678,8677
g,8678,8679
z,8680,8680
ae,8681,8682
m,8683,8684
p,8685,8686
ah,8687,8687
l,8688,8688
ih,8696,8698
f,8699,8699
y,8700,8700
uh,8701,8700
r,8701,8701
t,8702,8703
ao,8704,8705
k,8706,8706
ih,8707,8707
ng,8708,8709
t,8710,8711
uw,8712,8715
ey,8718,8724
p,8727,8729
aa,8730,8731
r,8732,8733
k,8734,8736
r,8736,8737
ey,8738,8739
n,8740,8741
jh,8742,8742
er,8743,8746
dh,8755,8756
eh,8757,8758
n,8759,8762
y,8764,8766
uw,8766,8767
hh,8768,8769
ae,8770,8770
v,8771,8772
ah,8773,8772
g,8773,8774
uh,8775,8775
d,8776,8777
ch,8778,8779
ae,8780,8780
n,8781,8782
s,8783,8782
dh,8783,8784
ae,8785,8785
t,8786,8786
dh,8787,8787
ae,8788,8788
t,8789,8790
p,8790,8792
aa,8793,8793
r,8794,8795
k,8796,8797
r,8798,8799
ey,8800,8800
n,8801,8802
jh,8803,8803
er,8804,8805
ih,8807,8807
z,8808,8808
t,8809,8810
ao,8811,8812
k,8813,8814
ih,8814,8815
ng,8816,8816
ah,8817,8817
b,8818,8819
aw,8820,8820
t,8821,8822
ah,8828,8829
b,8831,8832
eh,8833,8832
r,8833,8833
ih,8840,8841
n,8842,8843
ah,8844,8844
f,8844,8846
ao,8847,8848
r,8849,8849
ah,8850,8850
s,8851,8852
t,8853,8854
s,8858,8858
ow,8859,8859
y,8860,8860
uw,8861,8861
k,8862,8862
ah,8863,8863
n,8864,8865
s,8866,8866
iy,8867,8868
dh,8869,8869
ah,8870,8870
w,8871,8872
er,8873,8873
d,8874,8875
b,8882,8883
eh,8884,8886
r,8887,8889
b,8900,8901
ah,8902,8902
t,8903,8904
m,8905,8905
ey,8906,8907
b,8908,8909
iy,8910,8913
t,8915,8915
ao,8916,8917
k,8918,8919
ih,8920,8920
ng,8921,8922
ah,8928,8929
p,8930,8931
er,8932,8933
s,8934,8935
ah,8936,8936
n,8937,8938
hh,8939,8940
uw,8941,8946
ih,8950,8952
n,8952,8953
jh,8954,8956
oy,8957,8961
z,8962,8963
g,8972,8975
aa,8976,8976
r,8977,8978
d,8979,8979
n,8980,8981
ih,8982,8982
ng,8983,8986
g,8993,8995
r,8996,8997
ow,8998,8999
ih,9000,9000
ng,9001,9003
v,9004,9005
eh,9006,9007
jh,9008,9007
t,9008,9009
ah,9010,9011
b,9012,9012
ah,9012,9013
l,9014,9015
z,9016,9016
ah,9019,9020
n,9021,9021
d,9022,9023
hh,9024,9025
ae,9026,9028
z,9029,9030
s,9032,9033
ah,9034,9034
m,9035,9040
f,9042,9043
r,9044,9044
uw,9045,9045
t,9046,9047
s,9048,9050
ih,9052,9053
n,9054,9054
dh,9055,9055
ah,9056,9056
g,9057,9058
aa,9059,9060
r,9061,9061
d,9062,9062
ah,9063,9064
n,9065,9067
ah,9072,9073
n,9074,9074
d,9075,9075
aa,9076,9078
b,9079,9078
v,9079,9079
iy,9080,9080
ah,9081,9081
s,9082,9081
l,9082,9082
iy,9083,9084
dh,9086,9086
eh,9087,9089
n,9090,9090
y,9090,9090
uw,9091,9092
k,9093,9092
ah,9093,9093
n,9094,9095
th,9096,9096
ih,9097,9097
ng,9098,9098
k,9099,9100
m,9102,9103
ey,9104,9105
b,9106,9107
iy,9108,9110
t,9112,9112
ao,9113,9115
k,9116,9116
ih,9117,9117
ng,9118,9118
ah,9119,9119
b,9120,9120
aw,9121,9121
t,9122,9123
p,9126,9128
eh,9129,9131
r,9132,9134
z,9135,9140
ae,9143,9143
n,9144,9144
d,9145,9145
dh,9146,9145
eh,9146,9146
n,9147,9147
y,9148,9148
uw,9149,9150
k,9152,9153
ah,9154,9154
n,9155,9157
eh,9158,9160
k,9161,9160
t,9161,9163
dh,9165,9166
ah,9167,9168
d,9169,9170
aa,9171,9172
t,9173,9174
s,9174,9175
dh,9177,9179
ae,9180,9181
t,9182,9183
w,9184,9185
ey,9186,9188
n,9205,9208
aw,9209,9210
y,9211,9213
eh,9214,9215
s,9216,9216
ih,9229,9230
t,9231,9232
s,9233,9233
p,9235,9237
aa,9238,9240
s,9241,9242
ah,9243,9244
b,9245,9244
ah,9245,9246
l,9246,9249
dh,9250,9251
ae,9252,9253
t,9254,9258
dh,9264,9265
eh,9266,9266
r,9267,9268
k,9269,9270
uh,9271,9272
d,9273,9273
b,9274,9275
iy,9276,9278
ey,9281,9284
b,9285,9288
eh,9288,9288
r,9289,9288
ih,9297,9299
n,9300,9302
ey,9303,9309
f,9310,9313
r,9314,9315
uw,9316,9317
t,9318,9318
g,9334,9335
aa,9336,9338
r,9339,9339
d,9340,9342
ah,9342,9344
n,9345,9346
y,9348,9351
eh,9352,9353
s,9354,9355
dh,9357,9358
ae,9359,9360
t,9360,9362
k,9363,9364
uh,9365,9366
d,9366,9368
b,9369,9371
iy,9372,9374
ih,9375,9376
t,9377,9378
b,9383,9384
ah,9385,9387
t,9388,9387
ay,9388,9388
th,9389,9390
ih,9391,9391
ng,9392,9393
k,9394,9394
ih,9395,9396
f,9397,9398
y,9399,9400
uw,9401,9401
g,9402,9402
eh,9403,9404
t,9405,9408
ah,9421,9420
g,9421,9420
r,9421,9421
ae,9422,9423
s,9424,9423
p,9424,9423
ah,9428,9429
v,9430,9431
dh,9432,9431
ah,9432,9433
k,9434,9434
aa,9435,9436
n,9437,9438
t,9439,9439
eh,9440,9441
k,9442,9443
s,9444,9443
t,9444,9444
ah,9446,9448
v,9449,9451
dh,9458,9458
ae,9459,9460
t,9461,9461
k,9462,9463
aa,9464,9464
n,9465,9465
v,9466,9466
er,9467,9467
s,9468,9470
ey,9471,9473
sh,9474,9475
ah,9476,9477
n,9478,9478
dh,9479,9480
eh,9481,9482
n,9483,9483
y,9484,9484
uw,9485,9487
l,9488,9487
k,9488,9489
w,9490,9491
ih,9492,9492
k,9493,9493
l,9494,9493
iy,9494,9494
dh,9508,9509
ae,9510,9511
t,9512,9513
ih,9522,9523
t,9524,9524
s,9525,9524
ae,9527,9528
k,9529,9530
ch,9531,9532
l,9533,9532
iy,9533,9533
t,9534,9533
ey,9534,9534
k,9534,9534
ih,9535,9534
ng,9535,9534
ah,9539,9541
b,9542,9542
aw,9543,9543
t,9544,9545
dh,9546,9547
ih,9548,9549
s,9550,9552
t,9558,9558
aa,9559,9560
p,9561,9562
ih,9563,9564
k,9565,9567
s,9573,9576
ow,9577,9584
ih,9591,9592
z,9593,9593
ih,9594,9595
t,9596,9598
b,9599,9600
eh,9601,9602
r,9603,9606
ao,9607,9608
r,9609,9610
p,9611,9613
eh,9614,9613
r,9614,9613
ay,9614,9613
n,9634,9635
ow,9636,9636
ih,9637,9638
t,9639,9638
s,9639,9639
w,9641,9643
ah,9644,9645
n,9646,9647
ao,9648,9652
r,9653,9654
dh,9655,9655
iy,9656,9657
ah,9658,9660
dh,9660,9662
er,9663,9665
s,9667,9668
ow,9669,9672
k,9688,9690
aa,9691,9692
n,9693,9694
t,9695,9695
eh,9696,9697
k,9698,9699
s,9700,9699
t,9700,9699
ih,9700,9700
z,9701,9700
ey,9704,9707
b,9710,9711
ih,9712,9715
g,9716,9718
b,9720,9720
ih,9721,9723
g,9724,9725
p,9726,9728
aa,9729,9731
r,9732,9731
t,9732,9733
ah,9735,9736
v,9737,9737
ah,9739,9740
n,9741,9742
d,9743,9743
er,9744,9744
s,9745,9745
t,9746,9748
ae,9749,9749
n,9750,9750
d,9751,9752
ih,9753,9753
ng,9754,9756
w,9762,9764
ah,9765,9764
t,9765,9766
dh,9767,9766
ae,9767,9767
t,9768,9768
p,9769,9770
er,9771,9771
s,9772,9773
ah,9774,9774
n,9775,9775
z,9776,9776
t,9777,9778
ao,9779,9780
k,9781,9782
ih,9783,9783
ng,9784,9784
iy,9796,9799
v,9800,9801
ih,9802,9801
n,9802,9803
ih,9804,9804
f,9805,9806
y,9807,9808
uw,9809,9810
aa,9811,9814
r,9815,9816
l,9818,9820
ih,9821,9822
p,9822,9824
r,9825,9825
iy,9826,9825
d,9826,9825
ih,9826,9827
ng,9828,9830
dh,9832,9832
ae,9833,9833
t,9834,9835
p,9836,9837
er,9838,9839
s,9840,9841
ah,9842,9842
n,9843,9843
eh,9845,9846
z,9847,9847
w,9848,9848
eh,9849,9850
l,9851,9853
s,9866,9868
ow,9869,9870
dh,9871,9871
eh,9872,9873
r,9874,9873
aa,9874,9876
r,9877,9877
ah,9879,9879
n,9880,9882
ah,9883,9884
m,9885,9885
b,9886,9887
er,9888,9889
ah,9890,9889
v,9890,9893
d,9897,9898
ih,9899,9900
f,9901,9902
r,9903,9902
ah,9903,9903
n,9904,9904
t,9905,9905
p,9906,9907
iy,9908,9909
p,9910,9911
ah,9912,9912
l,9913,9915
dh,9916,9916
ae,9917,9917
t,9918,9918
ay,9919,9921
jh,9922,9924
ah,9924,9925
s,9926,9926
t,9927,9927
k,9928,9932
ae,9933,9934
n,9935,9936
t,9937,9937
ah,9940,9940
n,9941,9941
d,9942,9942
er,9943,9943
s,9944,9945
t,9946,9947
ae,9948,9949
n,9950,9950
d,9951,9953
f,9954,9954
er,9954,9956
m,9972,9972
iy,9973,9974
ay,9979,9984
m,9985,9986
jh,9987,9988
ah,9989,9990
s,9991,9991
t,9992,9992
n,9996,9998
aa,9999,10000
t,10001,10001
ey,10002,10005
b,10006,10005
ah,10006,10007
l,10008,10008
t,10009,10011
uw,10012,10018
ah,10025,10026
n,10027,10028
d,10029,10029
er,10030,10029
s,10030,10030
t,10031,10033
ae,10034,10035
n,10036,10036
d,10037,10037
w,10038,10039
ah,10040,10040
t,10041,10041
dh,10042,10042
ey,10043,10044
er,10045,10045
s,10046,10048
ey,10049,10051
ih,10052,10051
ng,10052,10054
f,10064,10066
ao,10067,10067
r,10068,10068
ih,10069,10069
g,10070,10070
z,10071,10072
ae,10073,10074
m,10075,10076
p,10077,10078
ah,10079,10079
l,10080,10082
p,10090,10091
iy,10092,10093
p,10094,10095
ah,10096,10096
l,10097,10098
w,10099,10099
ih,10100,10101
th,10102,10102
th,10104,10107
ih,10108,10109
n,10110,10113
l,10122,10122
ih,10122,10122
p,10123,10124
s,10125,10126
p,10146,10147
iy,10148,10148
p,10149,10150
ah,10151,10151
l,10152,10152
hh,10153,10154
uw,10155,10157
p,10184,10185
iy,10186,10187
p,10188,10188
ah,10189,10189
l,10190,10190
hh,10191,10192
uw,10193,10194
hh,10195,10194
ae,10195,10196
v,10197,10198
n,10199,10200
ow,10201,10203
ih,10204,10205
k,10206,10207
s,10208,10208
p,10209,10209
r,10210,10210
eh,10211,10212
sh,10213,10215
ah,10216,10216
n,10217,10218
z,10219,10220
ao,10222,10223
n,10224,10225
dh,10226,10226
eh,10227,10228
r,10229,10230
f,10231,10233
ey,10234,10235
s,10236,10237
ih,10238,10240
z,10241,10246
p,10258,10258
iy,10259,10259
p,10260,10260
ah,10261,10261
l,10262,10261
hh,10262,10262
uw,10263,10263
t,10264,10264
ao,10265,10266
k,10266,10267
t,10268,10268
uw,10269,10269
f,10270,10271
ae,10272,10272
s,10273,10275
t,10276,10279
p,10289,10289
iy,10290,10291
p,10292,10293
ah,10294,10295
l,10296,10296
w,10297,10298
ih,10299,10301
th,10302,10302
b,10303,10305
ih,10306,10307
g,10308,10309
ao,10333,10336
r,10337,10339
b,10341,10344
ih,10345,10349
r,10350,10351
d,10352,10354
z,10355,10359
p,10368,10369
iy,10370,10370
p,10371,10371
ah,10372,10373
l,10374,10374
w,10375,10375
ih,10376,10376
th,10377,10376
s,10378,10379
t,10380,10380
r,10381,10382
ao,10383,10385
ng,10386,10388
ae,10391,10393
k,10394,10395
s,10396,10397
eh,10398,10399
n,10400,10400
t,10401,10401
s,10402,10404
l,10432,10433
ay,10434,10434
k,10435,10436
m,10437,10438
iy,10439,10440
p,10459,10458
iy,10459,10460
p,10461,10463
ah,10464,10463
l,10464,10464
hh,10465,10466
uw,10467,10467
l,10470,10473
ae,10474,10477
f,10478,10479
aw,10486,10486
t,10487,10486
l,10490,10489
aw,10490,10491
d,10492,10491
w,10492,10491
ay,10492,10492
l,10493,10493
dh,10494,10494
eh,10495,10495
r,10496,10496
s,10499,10500
p,10500,10502
iy,10503,10505
k,10506,10507
ih,10508,10509
ng,10510,10512
w,10531,10530
ah,10531,10530
t,10531,10530
ay,10545,10544
w,10545,10546
ah,10547,10546
z,10547,10547
s,10548,10549
ey,10550,10551
ih,10552,10552
ng,10553,10553
ih,10554,10554
z,10555,10556
p,10557,10558
iy,10559,10560
p,10560,10561
ah,10562,10561
l,10562,10562
hh,10563,10564
uw,10565,10566
l,10567,10569
ae,10570,10571
f,10572,10574
aw,10576,10578
t,10578,10578
l,10579,10580
aw,10581,10582
d,10583,10582
w,10587,10590
ay,10591,10591
l,10592,10593
dh,10594,10594
eh,10595,10596
r,10596,10597
s,10598,10599
p,10600,10601
iy,10602,10603
k,10604,10604
ih,10605,10605
ng,10606,10608
ow,10627,10632
ah,10635,10636
n,10637,10638
d,10639,10640
n,10710,10712
aa,10713,10716
dh,10733,10734
eh,10735,10735
r,10736,10736
aa,10737,10738
r,10739,10740
n,10742,10742
ah,10743,10743
m,10744,10745
b,10746,10746
er,10747,10746
ah,10747,10746
v,10747,10748
th,10749,10750
ih,10751,10752
ng,10753,10754
z,10755,10754
dh,10755,10756
ae,10757,10758
t,10759,10759
y,10760,10762
uw,10763,10764
sh,10764,10765
uh,10766,10766
d,10767,10767
b,10768,10769
iy,10770,10771
ah,10772,10773
w,10774,10775
eh,10776,10775
r,10776,10775
ah,10779,10780
v,10781,10782
ih,10785,10786
f,10787,10789
y,10790,10790
uw,10791,10792
aa,10793,10793
r,10794,10795
s,10796,10797
p,10798,10798
iy,10799,10800
k,10801,10801
ih,10802,10802
ng,10803,10802
t,10803,10804
uw,10805,10806
s,10807,10808
ah,10809,10810
m,10811,10812
w,10812,10812
ah,10813,10812
n,10813,10814
hh,10815,10815
uw,10816,10817
ih,10818,10818
z,10819,10820
d,10821,10821
eh,10822,10823
f,10824,10825
ao,10826,10826
r,10827,10827
hh,10828,10829
aa,10830,10830
r,10831,10830
d,10831,10831
ah,10832,10832
v,10833,10834
hh,10835,10835
iy,10836,10837
r,10838,10838
ih,10839,10840
ng,10841,10843
w,10846,10846
eh,10847,10848
n,10848,10849
ih,10850,10849
t,10850,10850
k,10851,10852
ah,10853,10854
m,10855,10856
z,10857,10856
t,10858,10860
uw,10861,10867
dh,10874,10877
iy,10878,10886
k,10888,10889
aa,10890,10891
n,10892,10892
s,10893,10895
eh,10896,10896
p,10897,10897
t,10898,10897
ah,10899,10900
v,10901,10902
l,10904,10907
ih,10908,10908
p,10909,10910
r,10911,10911
iy,10912,10913
d,10914,10913
ih,10914,10914
ng,10914,10917
f,10928,10930
ao,10931,10932
r,10932,10933
ih,10934,10934
g,10935,10936
z,10937,10937
ae,10938,10940
m,10941,10941
p,10942,10943
ah,10944,10944
l,10945,10947
d,10956,10957
ow,10958,10959
n,10960,10961
s,10962,10964
t,10965,10967
ae,10968,10970
n,10971,10973
d,10974,10975
w,10986,10988
ih,10989,10990
dh,10991,10991
ah,10992,10992
l,10993,10994
ay,10995,10996
t,10997,10998
b,10999,10999
ih,11000,11001
hh,11002,11004
ay,11004,11006
n,11007,11006
d,11007,11009
y,11010,11011
uw,11012,11015
d,11022,11025
ow,11026,11026
n,11027,11028
t,11029,11030
ao,11031,11033
k,11034,11035
w,11036,11037
ih,11038,11037
th,11038,11039
y,11040,11041
ao,11042,11043
r,11044,11044
m,11046,11047
aw,11048,11049
th,11050,11051
f,11052,11054
uh,11055,11056
l,11057,11064
w,11068,11069
eh,11070,11070
l,11070,11071
y,11072,11071
uw,11072,11072
sh,11073,11073
uh,11074,11074
d,11075,11076
n,11077,11077
eh,11078,11079
v,11080,11081
er,11082,11082
t,11082,11083
ao,11084,11085
k,11086,11086
w,11087,11088
ih,11089,11088
th,11089,11090
y,11091,11090
uh,11091,11091
r,11092,11092
m,11093,11093
aw,11094,11093
th,11094,11093
f,11098,11099
uh,11100,11100
l,11101,11101
eh,11103,11104
n,11105,11106
iy,11107,11107
w,11108,11109
ey,11110,11111
z,11112,11113
d,11122,11123
ow,11124,11125
n,11126,11126
t,11127,11127
s,11128,11128
p,11129,11129
iy,11130,11131
k,11132,11133
t,11134,11135
uw,11136,11137
f,11138,11139
ae,11140,11142
s,11143,11145
t,11146,11146
d,11152,11153
ow,11154,11155
n,11156,11156
t,11157,11157
s,11158,11159
p,11160,11160
iy,11161,11162
k,11163,11164
t,11165,11167
uw,11168,11172
s,11173,11177
l,11178,11181
ow,11182,11183
l,11184,11186
iy,11187,11190
d,11201,11202
ow,11203,11204
n,11205,11206
t,11207,11207
t,11208,11210
ao,11211,11213
k,11214,11218
w,11221,11223
ih,11224,11224
th,11225,11225
y,11226,11227
uh,11228,11229
r,11230,11230
hh,11231,11233
ae,11234,11237
n,11238,11240
z,11241,11242
ow,11245,11247
v,11248,11250
er,11250,11252
y,11254,11254
uh,11255,11256
r,11256,11259
m,11262,11264
aw,11265,11266
th,11267,11271
m,11279,11280
ey,11281,11281
k,11282,11283
sh,11284,11284
uh,11285,11286
r,11287,11288
y,11289,11289
uw,11290,11292
f,11293,11298
ey,11299,11301
s,11302,11306
dh,11308,11310
ae,11310,11311
t,11312,11315
l,11316,11316
ih,11317,11318
p,11319,11320
r,11322,11323
iy,11324,11324
d,11325,11324
er,11325,11325
ih,11340,11341
n,11342,11343
ah,11344,11344
w,11345,11347
eh,11348,11350
l,11351,11352
l,11353,11354
ih,11355,11355
t,11356,11356
ih,11358,11359
n,11360,11361
v,11362,11364
ay,11364,11366
r,11367,11367
ah,11368,11367
n,11368,11368
m,11369,11369
ah,11370,11370
n,11370,11370
t,11371,11371
eh,11373,11374
z,11375,11375
w,11376,11377
eh,11378,11379
l,11380,11382
d,11394,11395
ow,11396,11397
n,11398,11398
t,11399,11399
g,11400,11400
ow,11401,11402
ih,11403,11403
n,11404,11404
t,11405,11405
uw,11406,11406
dh,11407,11408
ah,11409,11409
n,11410,11411
eh,11412,11412
k,11413,11414
s,11415,11417
r,11418,11419
uw,11420,11421
m,11422,11427
w,11430,11433
eh,11434,11436
n,11436,11442
y,11445,11447
uh,11448,11449
r,11450,11451
t,11452,11454
ao,11455,11457
k,11458,11459
ih,11460,11461
ng,11462,11465
hh,11469,11470
w,11471,11471
eh,11472,11473
r,11474,11474
p,11476,11476
aa,11477,11478
s,11479,11479
ah,11480,11481
b,11482,11482
ah,11483,11483
l,11484,11484
t,11485,11486
r,11487,11489
ay,11490,11491
n,11492,11493
aa,11494,11494
t,11495,11495
t,11496,11496
uw,11497,11498
s,11499,11501
p,11502,11502
iy,11503,11504
k,11505,11506
ih,11508,11509
n,11510,11512
ey,11513,11515
n,11516,11518
oy,11519,11522
z,11523,11524
iy,11525,11526
ih,11527,11527
n,11528,11529
v,11530,11531
ay,11532,11533
r,11534,11534
ah,11535,11534
n,11535,11536
m,11537,11536
ah,11537,11537
n,11538,11538
t,11539,11540
dh,11555,11554
ah,11555,11555
d,11556,11556
ey,11557,11562
ih,11564,11565
t,11566,11566
s,11567,11567
s,11568,11569
t,11570,11570
ih,11571,11572
l,11573,11574
t,11575,11575
r,11576,11576
ay,11577,11578
ng,11579,11579
t,11580,11580
uw,11581,11582
p,11583,11583
ih,11584,11585
k,11586,11586
ah,11587,11588
p,11589,11590
d,11591,11592
ih,11592,11593
f,11594,11595
r,11596,11595
ah,11596,11597
n,11598,11598
t,11599,11599
k,11600,11601
l,11602,11604
uw,11604,11606
z,11607,11610
b,11619,11618
ih,11619,11618
k,11619,11619
ah,11620,11619
z,11620,11620
n,11624,11624
aa,11625,11626
t,11627,11627
iy,11628,11631
z,11632,11633
iy,11634,11636
d,11646,11647
ow,11648,11649
n,11650,11651
t,11652,11652
ih,11653,11655
g,11656,11657
z,11658,11659
ae,11660,11662
jh,11663,11665
er,11666,11667
ey,11668,11668
t,11669,11670
y,11671,11671
ao,11672,11675
r,11676,11677
l,11681,11682
ih,11683,11683
p,11684,11685
s,11686,11691
m,11695,11700
uw,11700,11702
v,11703,11702
m,11703,11703
ah,11704,11703
n,11704,11703
t,11704,11703
d,11740,11741
ow,11742,11742
n,11743,11745
sh,11746,11748
aw,11749,11752
t,11753,11759
ah,11773,11775
n,11776,11777
d,11778,11778
d,11779,11780
ow,11781,11782
n,11783,11784
t,11784,11785
s,11786,11789
p,11790,11790
ih,11791,11791
t,11792,11798
d,11810,11812
ow,11813,11814
n,11815,11816
t,11817,11817
s,11820,11823
t,11824,11825
ae,11826,11828
n,11829,11830
d,11831,11832
t,11833,11836
uw,11837,11840
k,11842,11844
l,11845,11846
ow,11847,11849
s,11850,11852
t,11855,11856
uw,11857,11862
dh,11865,11866
ah,11867,11869
l,11871,11871
ih,11872,11873
p,11874,11874
r,11880,11879
iy,11880,11880
d,11880,11880
er,11881,11882
b,11908,11909
ih,11910,11912
r,11913,11914
d,11915,11916
z,11917,11919
aa,11922,11928
r,11929,11931
n,11936,11938
aa,11939,11940
t,11940,11941
s,11942,11943
ow,11944,11945
ah,11967,11968
n,11969,11968
d,11969,11970
f,11971,11972
ay,11973,11974
n,11975,11975
ah,11976,11975
l,11976,11976
iy,11977,11978
d,11980,11981
ow,11982,11983
n,11984,11984
t,11985,11985
b,11986,11986
iy,11987,11988
ah,11989,11989
f,11990,11992
eh,11993,11993
n,11994,11995
d,11996,11996
ih,11997,11998
d,11999,12000
ih,12001,12002
f,12003,12004
y,12005,12005
uw,12006,12007
aa,12008,12009
r,12010,12012
ae,12015,12018
s,12019,12021
k,12022,12022
t,12023,12022
t,12024,12026
uw,12027,12029
r,12031,12030
iy,12031,12032
p,12033,12034
iy,12035,12037
t,12038,12041
l,12046,12047
ay,12048,12048
k,12049,12050
ay,12051,12052
s,12053,12054
eh,12054,12056
d,12057,12059
l,12065,12066
ih,12067,12068
p,12069,12068
n,12083,12084
aa,12084,12085
t,12086,12085
ah,12087,12088
s,12089,12090
ah,12091,12092
l,12093,12094
uw,12095,12095
sh,12096,12097
ah,12098,12098
n,12099,12100
ih,12101,12102
t,12102,12103
s,12104,12104
p,12105,12107
aa,12108,12108
r,12109,12109
t,12110,12111
ah,12112,12113
v,12114,12115
m,12120,12122
eh,12123,12124
n,12125,12125
iy,12126,12129
m,12133,12134
eh,12135,12136
n,12137,12137
iy,12138,12140
k,12143,12145
l,12146,12147
uw,12148,12148
z,12149,12154
ah,12163,12164
n,12165,12166
d,12167,12167
d,12168,12168
ow,12168,12169
n,12170,12170
f,12171,12172
er,12173,12174
g,12175,12175
eh,12176,12177
t,12178,12178
dh,12180,12180
eh,12181,12181
r,12182,12181
aa,12183,12185
r,12186,12187
m,12188,12190
eh,12191,12192
n,12192,12193
iy,12194,12194
m,12195,12195
eh,12196,12196
n,12197,12198
iy,12199,12200
d,12201,12201
ih,12202,12203
f,12204,12204
r,12204,12204
ah,12205,12205
n,12206,12205
t,12206,12206
w,12207,12208
ey,12209,12211
z,12212,12212
ah,12214,12215
v,12216,12218
k,12220,12221
ah,12222,12222
m,12223,12223
y,12224,12224
uw,12225,12224
n,12225,12225
ah,12226,12227
k,12228,12229
ey,12230,12231
t,12232,12231
ih,12232,12232
ng,12233,12234
w,12234,12234
ih,12235,12235
th,12236,12237
p,12238,12237
iy,12238,12239
p,12240,12240
ah,12241,12241
l,12242,12242
hh,12243,12243
uw,12244,12245
aa,12246,12247
r,12248,12250
d,12251,12253
eh,12254,12255
f,12256,12258
ah,12260,12261
n,12262,12262
d,12263,12264
hh,12264,12264
aa,12265,12266
r,12267,12266
d,12267,12267
ah,12268,12268
v,12269,12270
hh,12271,12271
iy,12272,12273
r,12274,12275
ih,12276,12276
ng,12277,12279
ay,12281,12285
v,12286,12288
m,12291,12294
eh,12294,12295
n,12296,12296
sh,12297,12298
ah,12299,12300
n,12300,12301
d,12302,12302
dh,12303,12303
ae,12304,12305
t,12306,12307
y,12308,12308
uw,12309,12310
k,12311,12311
ah,12312,12313
n,12314,12315
ch,12316,12318
eh,12318,12319
k,12320,12320
ih,12321,12322
t,12323,12323
ih,12327,12328
n,12329,12329
dh,12330,12329
ah,12330,12330
d,12331,12331
ih,12332,12333
s,12334,12335
k,12336,12336
r,12337,12337
ih,12338,12338
p,12339,12341
sh,12342,12342
ah,12343,12345
n,12346,12348
y,12353,12354
uw,12355,12356
k,12357,12357
ah,12358,12358
n,12359,12360
f,12361,12362
ay,12363,12364
n,12365,12365
d,12366,12366
m,12367,12367
ao,12368,12369
r,12370,12370
ih,12371,12371
n,12372,12373
f,12374,12374
er,12375,12375
m,12376,12376
ey,12377,12378
sh,12379,12379
ah,12380,12381
n,12382,12383
dh,12384,12385
eh,12386,12388
r,12389,12391
ah,12398,12399
n,12400,12399
d,12400,12399
w,12402,12404
ay,12405,12406
l,12407,12406
dh,12412,12413
eh,12414,12416
r,12417,12419
ay,12430,12434
er,12437,12440
jh,12441,12441
y,12443,12444
uw,12444,12445
t,12446,12447
uw,12448,12449
l,12450,12450
uh,12451,12452
k,12453,12453
ae,12454,12454
t,12455,12456
dh,12456,12456
ih,12457,12458
s,12459,12460
v,12461,12463
ih,12464,12465
d,12466,12467
iy,12468,12469
ow,12470,12473
dh,12474,12475
ae,12476,12477
t,12478,12479
ao,12484,12484
l,12485,12487
s,12488,12489
ow,12490,12492
ih,12493,12495
m,12496,12498
b,12499,12499
eh,12500,12501
d,12502,12504
ih,12506,12507
n,12508,12509
dh,12510,12511
iy,12512,12514
p,12516,12519
ow,12520,12521
s,12522,12523
t,12524,12525
dh,12538,12540
ih,12541,12542
s,12543,12543
ih,12544,12545
z,12546,12547
ah,12550,12551
g,12552,12553
r,12554,12555
ey,12556,12556
t,12557,12557
v,12558,12559
ih,12560,12560
d,12561,12562
iy,12563,12563
ow,12564,12563
hh,12564,12563
w,12564,12565
eh,12566,12567
r,12568,12568
ih,12570,12569
t,12570,12571
w,12572,12571
ih,12572,12572
l,12573,12573
g,12574,12575
ih,12576,12576
v,12577,12577
y,12578,12578
uw,12579,12579
ah,12580,12579
n,12580,12581
ih,12582,12582
g,12583,12584
z,12585,12585
ae,12586,12588
m,12588,12589
p,12590,12591
ah,12592,12592
l,12593,12593
ah,12594,12597
v,12598,12600
hh,12603,12606
w,12607,12610
ah,12611,12611
t,12612,12612
ih,12613,12615
z,12616,12615
ih,12616,12617
t,12618,12619
l,12620,12620
ay,12621,12622
k,12623,12624
t,12624,12626
uw,12627,12628
l,12629,12630
ih,12630,12631
p,12632,12634
r,12635,12635
iy,12636,12638
d,12639,12640
ih,12642,12643
t,12644,12644
s,12645,12646
d,12647,12648
ah,12649,12650
n,12651,12655
v,12665,12668
eh,12669,12670
r,12671,12672
iy,12673,12673
v,12674,12675
eh,12676,12676
r,12677,12677
iy,12678,12678
w,12678,12679
eh,12680,12683
l,12684,12684
v,12686,12686
eh,12687,12687
r,12688,12689
iy,12690,12690
k,12691,12693
r,12694,12695
iy,12696,12697
ey,12698,12698
t,12699,12700
ih,12701,12702
v,12702,12703
f,12706,12711
er,12712,12713
dh,12714,12713
ah,12714,12715
m,12716,12718
ih,12720,12720
t,12721,12722
g,12728,12729
ih,12730,12730
v,12731,12731
z,12732,12732
y,12732,12732
uw,12733,12735
ah,12736,12736
n,12737,12738
ay,12738,12739
d,12740,12742
iy,12743,12745
ah,12746,12746
ah,12747,12749
v,12750,12751
w,12753,12757
ah,12758,12759
t,12760,12761
ih,12763,12764
z,12765,12765
ih,12766,12767
t,12768,12769
r,12775,12778
iy,12779,12780
l,12781,12782
iy,12783,12784
l,12785,12786
ay,12786,12787
k,12788,12790
t,12791,12792
uw,12793,12793
l,12794,12794
ih,12795,12796
p,12797,12797
r,12799,12800
iy,12801,12801
d,12802,12803
ih,12810,12811
t,12812,12813
g,12814,12813
ih,12814,12815
v,12816,12815
z,12816,12816
y,12817,12816
uw,12817,12818
ah,12819,12818
n,12819,12818
ih,12819,12819
g,12820,12820
z,12821,12822
ae,12822,12824
m,12825,12825
p,12826,12826
ah,12827,12827
l,12828,12830
p,12831,12831
iy,12832,12833
p,12834,12834
ah,12835,12834
l,12835,12836
s,12837,12838
p,12839,12840
iy,12841,12842
k,12843,12843
ih,12844,12845
ng,12846,12846
d,12847,12847
ih,12848,12849
f,12850,12850
r,12851,12851
ah,12852,12851
n,12852,12853
t,12854,12853
t,12854,12855
ay,12856,12856
p,12857,12857
s,12858,12858
ah,12858,12859
v,12860,12859
p,12862,12862
iy,12863,12864
p,12865,12867
ah,12868,12869
l,12870,12874
ah,12884,12888
n,12889,12893
d,12894,12894
ih,12897,12898
t,12899,12901
sh,12902,12907
ow,12908,12910
z,12911,12912
dh,12913,12914
ae,12915,12917
t,12918,12920
ih,12923,12925
t,12926,12927
s,12928,12928
n,12930,12934
aa,12935,12937
t,12938,12939
p,12952,12954
er,12954,12956
f,12957,12958
eh,12959,12959
k,12960,12960
t,12961,12961
ih,12962,12963
t,12964,12965
s,12966,12965
s,12973,12973
ah,12974,12975
l,12976,12977
uw,12978,12979
sh,12980,12981
ah,12982,12983
n,12984,12986
ih,12993,12994
t,12995,12996
s,12997,12999
ae,13001,13004
k,13005,13004
ch,13005,13007
l,13008,13008
iy,13009,13011
m,13012,13013
ao,13014,13015
r,13016,13016
d,13017,13018
ih,13019,13020
f,13021,13022
ah,13023,13024
k,13025,13024
ah,13025,13026
l,13027,13028
t,13029,13030
dh,13035,13035
ah,13036,13037
n,13038,13038
y,13039,13039
uw,13040,13042
th,13043,13044
ih,13045,13044
ng,13045,13046
k,13047,13048
ih,13049,13049
t,13050,13049
ih,13050,13054
z,13055,13057
ah,13068,13070
n,13071,13071
d,13072,13073
iy,13074,13076
v,13077,13078
ih,13079,13078
n,13079,13079
ih,13080,13081
f,13082,13081
y,13082,13082
uw,13083,13083
d,13084,13084
ow,13085,13085
n,13086,13086
w,13087,13086
aa,13087,13087
n,13088,13087
t,13088,13087
t,13088,13088
ah,13089,13088
w,13090,13091
aa,13092,13093
ch,13094,13093
ih,13101,13100
t,13101,13101
ao,13108,13108
l,13109,13109
y,13114,13113
uw,13114,13113
hh,13115,13116
ae,13116,13117
v,13118,13118
t,13119,13120
ih,13121,13121
d,13122,13122
uw,13123,13124
ih,13126,13125
z,13126,13125
jh,13137,13136
ih,13137,13136
s,13137,13137
t,13138,13137
l,13139,13139
uh,13140,13139
k,13140,13140
ae,13145,13144
t,13145,13144
ey,13157,13162
v,13163,13164
ih,13165,13166
d,13167,13167
iy,13168,13170
ow,13171,13170
w,13172,13173
aa,13174,13175
ch,13176,13178
ah,13179,13179
v,13180,13181
ih,13182,13182
d,13183,13183
iy,13184,13186
ow,13187,13189
t,13196,13197
er,13198,13200
n,13201,13200
dh,13201,13201
ah,13202,13203
s,13204,13205
aw,13206,13207
n,13208,13210
d,13211,13211
ao,13212,13214
f,13215,13216
ah,13224,13226
n,13227,13228
d,13229,13230
w,13231,13234
er,13235,13236
k,13237,13238
aw,13239,13238
t,13239,13238
hh,13244,13247
aw,13248,13249
m,13250,13251
eh,13252,13252
n,13253,13253
iy,13254,13255
w,13256,13258
er,13259,13260
d,13261,13261
z,13262,13263
k,13264,13265
ah,13266,13266
n,13267,13268
y,13269,13269
uw,13270,13269
p,13271,13272
ih,13273,13274
k,13275,13275
ah,13276,13277
p,13278,13279
jh,13285,13287
ah,13288,13289
s,13290,13291
t,13292,13292
b,13294,13296
ay,13297,13306
l,13311,13312
uh,13313,13314
k,13315,13315
ih,13316,13316
ng,13317,13317
ae,13318,13318
t,13319,13320
p,13329,13330
er,13331,13332
s,13333,13333
ah,13334,13335
n,13336,13337
z,13338,13339
l,13340,13342
ih,13343,13343
p,13344,13344
s,13345,13345
g,13354,13356
ih,13357,13358
v,13359,13359
ih,13360,13360
t,13361,13361
ah,13362,13362
sh,13363,13366
aa,13367,13368
t,13369,13370
y,13375,13376
uw,13377,13378
m,13379,13378
ay,13379,13381
t,13382,13383
b,13384,13384
iy,13385,13385
s,13386,13386
ah,13387,13388
p,13389,13389
r,13390,13391
ay,13392,13395
z,13396,13395
d,13396,13398
ao,13401,13404
n,13405,13410
hh,13416,13418
aw,13419,13421
l,13422,13424
ih,13425,13425
t,13426,13425
ah,13426,13425
l,13426,13426
dh,13427,13426
ae,13427,13426
t,13427,13426
y,13440,13441
uw,13442,13442
k,13443,13443
ah,13444,13444
n,13445,13446
p,13447,13448
ih,13449,13450
k,13451,13451
ah,13452,13451
p,13452,13451
ih,13461,13462
f,13463,13464
y,13464,13464
uw,13465,13466
hh,13467,13467
ae,13468,13468
v,13469,13470
eh,13472,13473
n,13474,13474
iy,13475,13475
ah,13476,13477
dh,13478,13479
er,13480,13480
k,13481,13482
w,13482,13482
eh,13483,13484
s,13485,13485
ch,13486,13486
ah,13487,13487
n,13488,13488
z,13489,13489
ah,13490,13490
b,13491,13491
aw,13492,13493
t,13494,13494
l,13495,13496
ih,13497,13497
p,13498,13499
r,13500,13501
iy,13502,13502
d,13503,13502
ih,13503,13502
ng,13503,13506
l,13509,13511
eh,13512,13513
t,13514,13514
m,13515,13516
iy,13517,13518
n,13518,13519
ow,13520,13523
ih,13524,13525
n,13526,13527
ah,13528,13529
k,13530,13532
aa,13533,13535
m,13536,13536
eh,13537,13538
n,13539,13539
t,13540,13540
b,13542,13542
ih,13543,13544
l,13545,13546
ow,13547,13549
b,13550,13550
ih,13551,13552
k,13553,13555
ao,13556,13558
z,13559,13558
ih,13560,13560
t,13561,13561
s,13562,13561
ih,13562,13563
m,13564,13565
p,13566,13568
ao,13569,13571
r,13572,13572
t,13572,13572
ah,13573,13573
n,13574,13574
t,13575,13576
dh,13577,13576
ae,13577,13578
t,13578,13579
w,13580,13580
iy,13581,13581
g,13582,13582
eh,13583,13584
t,13585,13585
dh,13586,13586
ah,13587,13586
ih,13587,13588
n,13589,13589
f,13590,13591
er,13592,13591
m,13592,13593
ey,13594,13594
sh,13595,13596
ah,13597,13597
n,13598,13598
aw,13600,13602
t,13603,13605
dh,13606,13606
eh,13607,13608
r,13609,13610
ih,13612,13613
z,13614,13615
k,13618,13620
er,13621,13625
eh,13626,13627
k,13628,13629
t,13630,13630
ah,13638,13639
n,13640,13642
d,13643,13642
ih,13643,13644
t,13644,13645
s,13646,13645
ih,13646,13647
m,13648,13649
p,13650,13651
ao,13652,13653
r,13654,13654
t,13655,13654
ah,13655,13655
n,13656,13656
t,13657,13656
dh,13657,13656
ah,13657,13657
t,13658,13657
dh,13662,13662
eh,13663,13663
r,13664,13664
aa,13665,13666
r,13667,13668
n,13669,13670
ow,13671,13673
ah,13675,13677
s,13678,13679
ah,13680,13681
m,13682,13682
p,13683,13684
sh,13685,13685
ah,13686,13687
n,13688,13689
z,13690,13694
ao,13698,13700
n,13701,13703
w,13704,13705
ah,13706,13706
t,13707,13708
ih,13710,13711
z,13712,13714
l,13715,13715
ih,13716,13717
p,13718,13718
r,13723,13722
iy,13723,13722
d,13723,13723
ih,13724,13724
ng,13725,13726
ih,13728,13729
t,13730,13730
s,13731,13731
t,13742,13742
uw,13743,13743
m,13744,13744
iy,13745,13746
t,13746,13747
uw,13748,13749
m,13750,13750
ey,13751,13751
k,13752,13752
sh,13753,13754
uh,13755,13755
r,13756,13756
dh,13757,13758
ah,13759,13759
t,13760,13764
y,13767,13770
uw,13771,13776
n,13779,13782
ow,13782,13785
ae,13786,13787
z,13788,13787
m,13788,13790
ah,13791,13792
ch,13793,13794
eh,13796,13797
z,13798,13798
p,13801,13802
aa,13803,13805
s,13806,13805
ah,13806,13807
b,13808,13807
ah,13808,13809
l,13810,13811
jh,13818,13819
ah,13820,13821
s,13822,13822
t,13823,13823
s,13824,13825
ow,13826,13827
dh,13828,13829
ae,13830,13830
t,13831,13832
w,13834,13835
iy,13836,13837
k,13838,13837
ah,13838,13839
n,13840,13840
ao,13842,13844
l,13845,13847
k,13849,13849
ah,13850,13850
m,13851,13851
y,13852,13851
uw,13852,13852
n,13853,13853
ah,13854,13854
k,13855,13856
ey,13857,13857
t,13858,13859
w,13860,13860
ih,13861,13861
th,13862,13862
iy,13871,13872
ch,13873,13875
ah,13876,13877
dh,13878,13878
er,13879,13880
ae,13882,13883
z,13884,13885
w,13886,13886
eh,13887,13888
l,13889,13891
s,13892,13894
ow,13895,13899
l,13906,13908
eh,13909,13910
t,13911,13911
m,13912,13912
iy,13913,13913
n,13914,13914
ow,13915,13915
ih,13916,13916
n,13917,13917
ah,13918,13919
k,13920,13922
aa,13923,13924
m,13925,13925
eh,13926,13927
n,13928,13929
t,13930,13930
ah,13935,13936
n,13937,13936
d,13937,13937
dh,13944,13944
eh,13945,13944
r,13945,13945
jh,13954,13955
ah,13956,13956
s,13957,13957
t,13958,13958
m,13959,13962
ey,13963,13964
k,13965,13966
sh,13967,13968
uh,13969,13969
r,13970,13971
y,13972,13972
uw,13973,13974
hh,13975,13975
ih,13976,13976
t,13977,13978
dh,13979,13978
ae,13979,13979
t,13980,13980
s,13981,13982
ah,13983,13983
b,13984,13985
s,13986,13986
k,13987,13987
r,13988,13988
ay,13989,13991
b,13992,13991
b,13992,13992
ah,13993,13995
t,13996,13995
ah,13996,13996
n,13997,13998
s,13999,13998
ow,13999,13998
y,14012,14012
uw,14013,14013
d,14014,14014
ow,14015,14015
n,14016,14016
t,14017,14017
m,14018,14019
ih,14020,14020
s,14021,14023
eh,14026,14028
n,14029,14030
iy,14031,14035
eh,14039,14040
p,14041,14042
ah,14043,14044
s,14045,14046
ow,14047,14049
d,14050,14052
ah,14057,14058
v,14059,14061
dh,14062,14061
ih,14062,14062
s,14063,14064
ah,14065,14065
m,14066,14067
ey,14068,14068
z,14069,14069
ih,14070,14070
ng,14071,14071
t,14072,14073
aa,14074,14075
p,14076,14077
ih,14078,14079
k,14080,14081
ah,14082,14081
v,14082,14081
d,14094,14095
eh,14096,14096
f,14097,14098
ah,14099,14100
w,14101,14101
eh,14102,14103
r,14104,14106
n,14107,14107
ah,14108,14108
s,14109,14110
ae,14113,14115
z,14116,14117
w,14118,14119
eh,14120,14121
l,14122,14124
ih,14132,14134
n,14135,14134
dh,14135,14134
iy,14135,14136
m,14137,14137
iy,14138,14139
n,14140,14140
t,14141,14142
ay,14143,14146
m,14147,14147
ay,14149,14150
hh,14151,14151
ow,14152,14153
p,14154,14154
t,14155,14154
ih,14155,14155
y,14165,14166
uw,14167,14170
ah,14171,14172
g,14173,14175
eh,14176,14177
n,14178,14181
s,14183,14185
uw,14186,14188
n,14189,14191
t,14202,14203
ey,14204,14206
k,14207,14206
k,14207,14208
eh,14208,14210
r,14211,14213
s,14244,14243
uw,14244,14243
dh,14244,14243
ih,14244,14244
ng,14244,14244
b,14245,14244
iy,14245,14244
t,14245,14244
m,14245,14245
y,14246,14245
uw,14246,14245
z,14246,14245
ih,14246,14246
k,14247,14246
